var_type,var_name,index_1,index_2,index_3,index_4,value
x,x[1],1,,,,1.0
x,x[2],2,,,,1.0
x,x[3],3,,,,1.0
x,x[4],4,,,,0.0
x,x[5],5,,,,0.0
x,x[6],6,,,,1.0
x,x[7],7,,,,1.0
x,x[8],8,,,,0.0
x,x[9],9,,,,1.0
x,x[10],10,,,,0.0
x,x[11],11,,,,0.0
x,x[12],12,,,,1.0
x,x[13],13,,,,1.0
x,x[14],14,,,,1.0
x,x[15],15,,,,1.0
z,"z[1,1]",1,1,,,1.0
z,"z[1,2]",1,2,,,0.0
z,"z[1,3]",1,3,,,-0.0
z,"z[2,1]",2,1,,,0.0
z,"z[2,2]",2,2,,,0.0
z,"z[2,3]",2,3,,,1.0
z,"z[3,1]",3,1,,,1.0
z,"z[3,2]",3,2,,,0.0
z,"z[3,3]",3,3,,,0.0
z,"z[4,1]",4,1,,,-0.0
z,"z[4,2]",4,2,,,-0.0
z,"z[4,3]",4,3,,,-0.0
z,"z[5,1]",5,1,,,0.0
z,"z[5,2]",5,2,,,0.0
z,"z[5,3]",5,3,,,-0.0
z,"z[6,1]",6,1,,,1.0
z,"z[6,2]",6,2,,,0.0
z,"z[6,3]",6,3,,,0.0
z,"z[7,1]",7,1,,,0.0
z,"z[7,2]",7,2,,,0.0
z,"z[7,3]",7,3,,,1.0
z,"z[8,1]",8,1,,,-0.0
z,"z[8,2]",8,2,,,0.0
z,"z[8,3]",8,3,,,0.0
z,"z[9,1]",9,1,,,-0.0
z,"z[9,2]",9,2,,,1.0
z,"z[9,3]",9,3,,,-0.0
z,"z[10,1]",10,1,,,-0.0
z,"z[10,2]",10,2,,,0.0
z,"z[10,3]",10,3,,,0.0
z,"z[11,1]",11,1,,,0.0
z,"z[11,2]",11,2,,,0.0
z,"z[11,3]",11,3,,,-0.0
z,"z[12,1]",12,1,,,1.0
z,"z[12,2]",12,2,,,-0.0
z,"z[12,3]",12,3,,,0.0
z,"z[13,1]",13,1,,,0.0
z,"z[13,2]",13,2,,,-0.0
z,"z[13,3]",13,3,,,1.0
z,"z[14,1]",14,1,,,0.0
z,"z[14,2]",14,2,,,1.0
z,"z[14,3]",14,3,,,-0.0
z,"z[15,1]",15,1,,,-0.0
z,"z[15,2]",15,2,,,1.0
z,"z[15,3]",15,3,,,0.0
o,"o[1,1,1]",1,1,1,,11.292225147895692
o,"o[1,1,2]",1,1,2,,19.541934625287738
o,"o[1,1,3]",1,1,3,,27.447412444761365
o,"o[1,2,1]",1,2,1,,0.0
o,"o[1,2,2]",1,2,2,,0.0
o,"o[1,2,3]",1,2,3,,0.0
o,"o[1,2,4]",1,2,4,,0.0
o,"o[1,3,1]",1,3,1,,0.0
o,"o[1,3,2]",1,3,2,,0.0
o,"o[1,3,3]",1,3,3,,0.0
o,"o[2,1,1]",2,1,1,,0.0
o,"o[2,1,2]",2,1,2,,0.0
o,"o[2,1,3]",2,1,3,,0.0
o,"o[2,2,1]",2,2,1,,0.0
o,"o[2,2,2]",2,2,2,,0.0
o,"o[2,2,3]",2,2,3,,0.0
o,"o[2,2,4]",2,2,4,,0.0
o,"o[2,3,1]",2,3,1,,10.902487329439154
o,"o[2,3,2]",2,3,2,,18.323801830444808
o,"o[2,3,3]",2,3,3,,30.528612446142787
o,"o[3,1,1]",3,1,1,,28.435738591656317
o,"o[3,1,2]",3,1,2,,37.84697590256707
o,"o[3,1,3]",3,1,3,,47.06589261219188
o,"o[3,2,1]",3,2,1,,0.0
o,"o[3,2,2]",3,2,2,,0.0
o,"o[3,2,3]",3,2,3,,0.0
o,"o[3,2,4]",3,2,4,,0.0
o,"o[3,3,1]",3,3,1,,0.0
o,"o[3,3,2]",3,3,2,,0.0
o,"o[3,3,3]",3,3,3,,0.0
o,"o[4,1,1]",4,1,1,,0.0
o,"o[4,1,2]",4,1,2,,0.0
o,"o[4,1,3]",4,1,3,,0.0
o,"o[4,2,1]",4,2,1,,0.0
o,"o[4,2,2]",4,2,2,,0.0
o,"o[4,2,3]",4,2,3,,0.0
o,"o[4,2,4]",4,2,4,,0.0
o,"o[4,3,1]",4,3,1,,0.0
o,"o[4,3,2]",4,3,2,,0.0
o,"o[4,3,3]",4,3,3,,0.0
o,"o[5,1,1]",5,1,1,,0.0
o,"o[5,1,2]",5,1,2,,0.0
o,"o[5,1,3]",5,1,3,,0.0
o,"o[5,2,1]",5,2,1,,0.0
o,"o[5,2,2]",5,2,2,,0.0
o,"o[5,2,3]",5,2,3,,0.0
o,"o[5,2,4]",5,2,4,,0.0
o,"o[5,3,1]",5,3,1,,0.0
o,"o[5,3,2]",5,3,2,,0.0
o,"o[5,3,3]",5,3,3,,0.0
o,"o[6,1,1]",6,1,1,,19.51815052270196
o,"o[6,1,2]",6,1,2,,27.780536870728824
o,"o[6,1,3]",6,1,3,,35.33652350658427
o,"o[6,2,1]",6,2,1,,0.0
o,"o[6,2,2]",6,2,2,,0.0
o,"o[6,2,3]",6,2,3,,0.0
o,"o[6,2,4]",6,2,4,,0.0
o,"o[6,3,1]",6,3,1,,0.0
o,"o[6,3,2]",6,3,2,,0.0
o,"o[6,3,3]",6,3,3,,0.0
o,"o[7,1,1]",7,1,1,,0.0
o,"o[7,1,2]",7,1,2,,0.0
o,"o[7,1,3]",7,1,3,,0.0
o,"o[7,2,1]",7,2,1,,0.0
o,"o[7,2,2]",7,2,2,,0.0
o,"o[7,2,3]",7,2,3,,0.0
o,"o[7,2,4]",7,2,4,,0.0
o,"o[7,3,1]",7,3,1,,18.43772013829046
o,"o[7,3,2]",7,3,2,,30.52861244614279
o,"o[7,3,3]",7,3,3,,38.07854384268201
o,"o[8,1,1]",8,1,1,,0.0
o,"o[8,1,2]",8,1,2,,0.0
o,"o[8,1,3]",8,1,3,,0.0
o,"o[8,2,1]",8,2,1,,0.0
o,"o[8,2,2]",8,2,2,,0.0
o,"o[8,2,3]",8,2,3,,0.0
o,"o[8,2,4]",8,2,4,,0.0
o,"o[8,3,1]",8,3,1,,0.0
o,"o[8,3,2]",8,3,2,,0.0
o,"o[8,3,3]",8,3,3,,0.0
o,"o[9,1,1]",9,1,1,,0.0
o,"o[9,1,2]",9,1,2,,0.0
o,"o[9,1,3]",9,1,3,,0.0
o,"o[9,2,1]",9,2,1,,17.80308658333223
o,"o[9,2,2]",9,2,2,,29.047662042356638
o,"o[9,2,3]",9,2,3,,38.24710277619377
o,"o[9,2,4]",9,2,4,,48.48948671020682
o,"o[9,3,1]",9,3,1,,0.0
o,"o[9,3,2]",9,3,2,,0.0
o,"o[9,3,3]",9,3,3,,0.0
o,"o[10,1,1]",10,1,1,,0.0
o,"o[10,1,2]",10,1,2,,0.0
o,"o[10,1,3]",10,1,3,,0.0
o,"o[10,2,1]",10,2,1,,0.0
o,"o[10,2,2]",10,2,2,,0.0
o,"o[10,2,3]",10,2,3,,0.0
o,"o[10,2,4]",10,2,4,,0.0
o,"o[10,3,1]",10,3,1,,0.0
o,"o[10,3,2]",10,3,2,,0.0
o,"o[10,3,3]",10,3,3,,0.0
o,"o[11,1,1]",11,1,1,,0.0
o,"o[11,1,2]",11,1,2,,0.0
o,"o[11,1,3]",11,1,3,,0.0
o,"o[11,2,1]",11,2,1,,0.0
o,"o[11,2,2]",11,2,2,,0.0
o,"o[11,2,3]",11,2,3,,0.0
o,"o[11,2,4]",11,2,4,,0.0
o,"o[11,3,1]",11,3,1,,0.0
o,"o[11,3,2]",11,3,2,,0.0
o,"o[11,3,3]",11,3,3,,0.0
o,"o[12,1,1]",12,1,1,,40.26892091590143
o,"o[12,1,2]",12,1,2,,53.20114713175367
o,"o[12,1,3]",12,1,3,,65.46770190488162
o,"o[12,2,1]",12,2,1,,0.0
o,"o[12,2,2]",12,2,2,,0.0
o,"o[12,2,3]",12,2,3,,0.0
o,"o[12,2,4]",12,2,4,,0.0
o,"o[12,3,1]",12,3,1,,0.0
o,"o[12,3,2]",12,3,2,,0.0
o,"o[12,3,3]",12,3,3,,0.0
o,"o[13,1,1]",13,1,1,,0.0
o,"o[13,1,2]",13,1,2,,0.0
o,"o[13,1,3]",13,1,3,,0.0
o,"o[13,2,1]",13,2,1,,0.0
o,"o[13,2,2]",13,2,2,,0.0
o,"o[13,2,3]",13,2,3,,0.0
o,"o[13,2,4]",13,2,4,,0.0
o,"o[13,3,1]",13,3,1,,30.52861244614276
o,"o[13,3,2]",13,3,2,,42.776576024650026
o,"o[13,3,3]",13,3,3,,55.06900091694264
o,"o[14,1,1]",14,1,1,,0.0
o,"o[14,1,2]",14,1,2,,0.0
o,"o[14,1,3]",14,1,3,,0.0
o,"o[14,2,1]",14,2,1,,9.479156583929125
o,"o[14,2,2]",14,2,2,,18.598204539110966
o,"o[14,2,3]",14,2,3,,27.012611724491137
o,"o[14,2,4]",14,2,4,,36.411421389614176
o,"o[14,3,1]",14,3,1,,0.0
o,"o[14,3,2]",14,3,2,,0.0
o,"o[14,3,3]",14,3,3,,0.0
o,"o[15,1,1]",15,1,1,,0.0
o,"o[15,1,2]",15,1,2,,0.0
o,"o[15,1,3]",15,1,3,,0.0
o,"o[15,2,1]",15,2,1,,25.484518296858283
o,"o[15,2,2]",15,2,2,,37.54143722753763
o,"o[15,2,3]",15,2,3,,46.95202650489563
o,"o[15,2,4]",15,2,4,,57.669062756732586
o,"o[15,3,1]",15,3,1,,0.0
o,"o[15,3,2]",15,3,2,,0.0
o,"o[15,3,3]",15,3,3,,0.0
delta,"delta[1,2,1,1]",1,2,1,1,1.0
delta,"delta[1,2,1,2]",1,2,1,2,1.0
delta,"delta[1,2,1,3]",1,2,1,3,1.0
delta,"delta[1,2,2,1]",1,2,2,1,0.0
delta,"delta[1,2,2,2]",1,2,2,2,0.0
delta,"delta[1,2,2,3]",1,2,2,3,0.0
delta,"delta[1,2,2,4]",1,2,2,4,0.0
delta,"delta[1,2,3,1]",1,2,3,1,0.0
delta,"delta[1,2,3,2]",1,2,3,2,0.0
delta,"delta[1,2,3,3]",1,2,3,3,0.0
delta,"delta[1,3,1,1]",1,3,1,1,0.0
delta,"delta[1,3,1,2]",1,3,1,2,0.0
delta,"delta[1,3,1,3]",1,3,1,3,0.0
delta,"delta[1,3,2,1]",1,3,2,1,0.0
delta,"delta[1,3,2,2]",1,3,2,2,0.0
delta,"delta[1,3,2,3]",1,3,2,3,0.0
delta,"delta[1,3,2,4]",1,3,2,4,0.0
delta,"delta[1,3,3,1]",1,3,3,1,1.0
delta,"delta[1,3,3,2]",1,3,3,2,1.0
delta,"delta[1,3,3,3]",1,3,3,3,1.0
delta,"delta[1,4,1,1]",1,4,1,1,-0.0
delta,"delta[1,4,1,2]",1,4,1,2,-0.0
delta,"delta[1,4,1,3]",1,4,1,3,-0.0
delta,"delta[1,4,2,1]",1,4,2,1,0.0
delta,"delta[1,4,2,2]",1,4,2,2,0.0
delta,"delta[1,4,2,3]",1,4,2,3,0.0
delta,"delta[1,4,2,4]",1,4,2,4,0.0
delta,"delta[1,4,3,1]",1,4,3,1,0.0
delta,"delta[1,4,3,2]",1,4,3,2,0.0
delta,"delta[1,4,3,3]",1,4,3,3,0.0
delta,"delta[1,5,1,1]",1,5,1,1,1.0
delta,"delta[1,5,1,2]",1,5,1,2,1.0
delta,"delta[1,5,1,3]",1,5,1,3,1.0
delta,"delta[1,5,2,1]",1,5,2,1,0.0
delta,"delta[1,5,2,2]",1,5,2,2,0.0
delta,"delta[1,5,2,3]",1,5,2,3,0.0
delta,"delta[1,5,2,4]",1,5,2,4,0.0
delta,"delta[1,5,3,1]",1,5,3,1,0.0
delta,"delta[1,5,3,2]",1,5,3,2,0.0
delta,"delta[1,5,3,3]",1,5,3,3,0.0
delta,"delta[1,6,1,1]",1,6,1,1,0.0
delta,"delta[1,6,1,2]",1,6,1,2,0.0
delta,"delta[1,6,1,3]",1,6,1,3,-0.0
delta,"delta[1,6,2,1]",1,6,2,1,0.0
delta,"delta[1,6,2,2]",1,6,2,2,0.0
delta,"delta[1,6,2,3]",1,6,2,3,0.0
delta,"delta[1,6,2,4]",1,6,2,4,0.0
delta,"delta[1,6,3,1]",1,6,3,1,1.0
delta,"delta[1,6,3,2]",1,6,3,2,1.0
delta,"delta[1,6,3,3]",1,6,3,3,1.0
delta,"delta[1,7,1,1]",1,7,1,1,1.0
delta,"delta[1,7,1,2]",1,7,1,2,1.0
delta,"delta[1,7,1,3]",1,7,1,3,1.0
delta,"delta[1,7,2,1]",1,7,2,1,0.0
delta,"delta[1,7,2,2]",1,7,2,2,0.0
delta,"delta[1,7,2,3]",1,7,2,3,0.0
delta,"delta[1,7,2,4]",1,7,2,4,0.0
delta,"delta[1,7,3,1]",1,7,3,1,0.0
delta,"delta[1,7,3,2]",1,7,3,2,0.0
delta,"delta[1,7,3,3]",1,7,3,3,0.0
delta,"delta[1,8,1,1]",1,8,1,1,0.0
delta,"delta[1,8,1,2]",1,8,1,2,1.0
delta,"delta[1,8,1,3]",1,8,1,3,1.0
delta,"delta[1,8,2,1]",1,8,2,1,0.0
delta,"delta[1,8,2,2]",1,8,2,2,0.0
delta,"delta[1,8,2,3]",1,8,2,3,0.0
delta,"delta[1,8,2,4]",1,8,2,4,0.0
delta,"delta[1,8,3,1]",1,8,3,1,1.0
delta,"delta[1,8,3,2]",1,8,3,2,1.0
delta,"delta[1,8,3,3]",1,8,3,3,1.0
delta,"delta[1,9,1,1]",1,9,1,1,0.0
delta,"delta[1,9,1,2]",1,9,1,2,0.0
delta,"delta[1,9,1,3]",1,9,1,3,0.0
delta,"delta[1,9,2,1]",1,9,2,1,0.0
delta,"delta[1,9,2,2]",1,9,2,2,0.0
delta,"delta[1,9,2,3]",1,9,2,3,0.0
delta,"delta[1,9,2,4]",1,9,2,4,0.0
delta,"delta[1,9,3,1]",1,9,3,1,0.0
delta,"delta[1,9,3,2]",1,9,3,2,-0.0
delta,"delta[1,9,3,3]",1,9,3,3,0.0
delta,"delta[1,10,1,1]",1,10,1,1,1.0
delta,"delta[1,10,1,2]",1,10,1,2,1.0
delta,"delta[1,10,1,3]",1,10,1,3,1.0
delta,"delta[1,10,2,1]",1,10,2,1,0.0
delta,"delta[1,10,2,2]",1,10,2,2,0.0
delta,"delta[1,10,2,3]",1,10,2,3,0.0
delta,"delta[1,10,2,4]",1,10,2,4,0.0
delta,"delta[1,10,3,1]",1,10,3,1,1.0
delta,"delta[1,10,3,2]",1,10,3,2,1.0
delta,"delta[1,10,3,3]",1,10,3,3,1.0
delta,"delta[1,11,1,1]",1,11,1,1,1.0
delta,"delta[1,11,1,2]",1,11,1,2,1.0
delta,"delta[1,11,1,3]",1,11,1,3,1.0
delta,"delta[1,11,2,1]",1,11,2,1,0.0
delta,"delta[1,11,2,2]",1,11,2,2,0.0
delta,"delta[1,11,2,3]",1,11,2,3,0.0
delta,"delta[1,11,2,4]",1,11,2,4,0.0
delta,"delta[1,11,3,1]",1,11,3,1,0.0
delta,"delta[1,11,3,2]",1,11,3,2,0.0
delta,"delta[1,11,3,3]",1,11,3,3,0.0
delta,"delta[1,12,1,1]",1,12,1,1,0.0
delta,"delta[1,12,1,2]",1,12,1,2,0.0
delta,"delta[1,12,1,3]",1,12,1,3,-0.0
delta,"delta[1,12,2,1]",1,12,2,1,0.0
delta,"delta[1,12,2,2]",1,12,2,2,0.0
delta,"delta[1,12,2,3]",1,12,2,3,0.0
delta,"delta[1,12,2,4]",1,12,2,4,0.0
delta,"delta[1,12,3,1]",1,12,3,1,0.0
delta,"delta[1,12,3,2]",1,12,3,2,0.0
delta,"delta[1,12,3,3]",1,12,3,3,0.0
delta,"delta[1,13,1,1]",1,13,1,1,0.0
delta,"delta[1,13,1,2]",1,13,1,2,1.0
delta,"delta[1,13,1,3]",1,13,1,3,1.0
delta,"delta[1,13,2,1]",1,13,2,1,0.0
delta,"delta[1,13,2,2]",1,13,2,2,0.0
delta,"delta[1,13,2,3]",1,13,2,3,0.0
delta,"delta[1,13,2,4]",1,13,2,4,0.0
delta,"delta[1,13,3,1]",1,13,3,1,0.0
delta,"delta[1,13,3,2]",1,13,3,2,0.0
delta,"delta[1,13,3,3]",1,13,3,3,0.0
delta,"delta[1,14,1,1]",1,14,1,1,1.0
delta,"delta[1,14,1,2]",1,14,1,2,1.0
delta,"delta[1,14,1,3]",1,14,1,3,1.0
delta,"delta[1,14,2,1]",1,14,2,1,0.0
delta,"delta[1,14,2,2]",1,14,2,2,0.0
delta,"delta[1,14,2,3]",1,14,2,3,0.0
delta,"delta[1,14,2,4]",1,14,2,4,0.0
delta,"delta[1,14,3,1]",1,14,3,1,0.0
delta,"delta[1,14,3,2]",1,14,3,2,0.0
delta,"delta[1,14,3,3]",1,14,3,3,0.0
delta,"delta[1,15,1,1]",1,15,1,1,0.0
delta,"delta[1,15,1,2]",1,15,1,2,0.0
delta,"delta[1,15,1,3]",1,15,1,3,0.0
delta,"delta[1,15,2,1]",1,15,2,1,0.0
delta,"delta[1,15,2,2]",1,15,2,2,0.0
delta,"delta[1,15,2,3]",1,15,2,3,0.0
delta,"delta[1,15,2,4]",1,15,2,4,0.0
delta,"delta[1,15,3,1]",1,15,3,1,1.0
delta,"delta[1,15,3,2]",1,15,3,2,1.0
delta,"delta[1,15,3,3]",1,15,3,3,1.0
delta,"delta[2,1,1,1]",2,1,1,1,0.0
delta,"delta[2,1,1,2]",2,1,1,2,0.0
delta,"delta[2,1,1,3]",2,1,1,3,0.0
delta,"delta[2,1,2,1]",2,1,2,1,0.0
delta,"delta[2,1,2,2]",2,1,2,2,0.0
delta,"delta[2,1,2,3]",2,1,2,3,0.0
delta,"delta[2,1,2,4]",2,1,2,4,0.0
delta,"delta[2,1,3,1]",2,1,3,1,1.0
delta,"delta[2,1,3,2]",2,1,3,2,1.0
delta,"delta[2,1,3,3]",2,1,3,3,1.0
delta,"delta[2,3,1,1]",2,3,1,1,0.0
delta,"delta[2,3,1,2]",2,3,1,2,0.0
delta,"delta[2,3,1,3]",2,3,1,3,0.0
delta,"delta[2,3,2,1]",2,3,2,1,0.0
delta,"delta[2,3,2,2]",2,3,2,2,0.0
delta,"delta[2,3,2,3]",2,3,2,3,0.0
delta,"delta[2,3,2,4]",2,3,2,4,0.0
delta,"delta[2,3,3,1]",2,3,3,1,1.0
delta,"delta[2,3,3,2]",2,3,3,2,1.0
delta,"delta[2,3,3,3]",2,3,3,3,1.0
delta,"delta[2,4,1,1]",2,4,1,1,0.0
delta,"delta[2,4,1,2]",2,4,1,2,0.0
delta,"delta[2,4,1,3]",2,4,1,3,0.0
delta,"delta[2,4,2,1]",2,4,2,1,0.0
delta,"delta[2,4,2,2]",2,4,2,2,0.0
delta,"delta[2,4,2,3]",2,4,2,3,0.0
delta,"delta[2,4,2,4]",2,4,2,4,0.0
delta,"delta[2,4,3,1]",2,4,3,1,1.0
delta,"delta[2,4,3,2]",2,4,3,2,1.0
delta,"delta[2,4,3,3]",2,4,3,3,1.0
delta,"delta[2,5,1,1]",2,5,1,1,0.0
delta,"delta[2,5,1,2]",2,5,1,2,0.0
delta,"delta[2,5,1,3]",2,5,1,3,0.0
delta,"delta[2,5,2,1]",2,5,2,1,0.0
delta,"delta[2,5,2,2]",2,5,2,2,0.0
delta,"delta[2,5,2,3]",2,5,2,3,0.0
delta,"delta[2,5,2,4]",2,5,2,4,0.0
delta,"delta[2,5,3,1]",2,5,3,1,0.0
delta,"delta[2,5,3,2]",2,5,3,2,-0.0
delta,"delta[2,5,3,3]",2,5,3,3,1.0
delta,"delta[2,6,1,1]",2,6,1,1,0.0
delta,"delta[2,6,1,2]",2,6,1,2,0.0
delta,"delta[2,6,1,3]",2,6,1,3,0.0
delta,"delta[2,6,2,1]",2,6,2,1,0.0
delta,"delta[2,6,2,2]",2,6,2,2,0.0
delta,"delta[2,6,2,3]",2,6,2,3,0.0
delta,"delta[2,6,2,4]",2,6,2,4,0.0
delta,"delta[2,6,3,1]",2,6,3,1,1.0
delta,"delta[2,6,3,2]",2,6,3,2,1.0
delta,"delta[2,6,3,3]",2,6,3,3,1.0
delta,"delta[2,7,1,1]",2,7,1,1,0.0
delta,"delta[2,7,1,2]",2,7,1,2,0.0
delta,"delta[2,7,1,3]",2,7,1,3,0.0
delta,"delta[2,7,2,1]",2,7,2,1,0.0
delta,"delta[2,7,2,2]",2,7,2,2,0.0
delta,"delta[2,7,2,3]",2,7,2,3,0.0
delta,"delta[2,7,2,4]",2,7,2,4,0.0
delta,"delta[2,7,3,1]",2,7,3,1,0.0
delta,"delta[2,7,3,2]",2,7,3,2,0.0
delta,"delta[2,7,3,3]",2,7,3,3,-0.0
delta,"delta[2,8,1,1]",2,8,1,1,0.0
delta,"delta[2,8,1,2]",2,8,1,2,0.0
delta,"delta[2,8,1,3]",2,8,1,3,0.0
delta,"delta[2,8,2,1]",2,8,2,1,0.0
delta,"delta[2,8,2,2]",2,8,2,2,0.0
delta,"delta[2,8,2,3]",2,8,2,3,0.0
delta,"delta[2,8,2,4]",2,8,2,4,0.0
delta,"delta[2,8,3,1]",2,8,3,1,1.0
delta,"delta[2,8,3,2]",2,8,3,2,1.0
delta,"delta[2,8,3,3]",2,8,3,3,1.0
delta,"delta[2,9,1,1]",2,9,1,1,0.0
delta,"delta[2,9,1,2]",2,9,1,2,0.0
delta,"delta[2,9,1,3]",2,9,1,3,0.0
delta,"delta[2,9,2,1]",2,9,2,1,0.0
delta,"delta[2,9,2,2]",2,9,2,2,0.0
delta,"delta[2,9,2,3]",2,9,2,3,0.0
delta,"delta[2,9,2,4]",2,9,2,4,0.0
delta,"delta[2,9,3,1]",2,9,3,1,0.0
delta,"delta[2,9,3,2]",2,9,3,2,0.0
delta,"delta[2,9,3,3]",2,9,3,3,0.0
delta,"delta[2,10,1,1]",2,10,1,1,0.0
delta,"delta[2,10,1,2]",2,10,1,2,0.0
delta,"delta[2,10,1,3]",2,10,1,3,0.0
delta,"delta[2,10,2,1]",2,10,2,1,0.0
delta,"delta[2,10,2,2]",2,10,2,2,0.0
delta,"delta[2,10,2,3]",2,10,2,3,0.0
delta,"delta[2,10,2,4]",2,10,2,4,0.0
delta,"delta[2,10,3,1]",2,10,3,1,1.0
delta,"delta[2,10,3,2]",2,10,3,2,1.0
delta,"delta[2,10,3,3]",2,10,3,3,1.0
delta,"delta[2,11,1,1]",2,11,1,1,0.0
delta,"delta[2,11,1,2]",2,11,1,2,0.0
delta,"delta[2,11,1,3]",2,11,1,3,0.0
delta,"delta[2,11,2,1]",2,11,2,1,0.0
delta,"delta[2,11,2,2]",2,11,2,2,0.0
delta,"delta[2,11,2,3]",2,11,2,3,0.0
delta,"delta[2,11,2,4]",2,11,2,4,0.0
delta,"delta[2,11,3,1]",2,11,3,1,-0.0
delta,"delta[2,11,3,2]",2,11,3,2,0.0
delta,"delta[2,11,3,3]",2,11,3,3,-0.0
delta,"delta[2,12,1,1]",2,12,1,1,0.0
delta,"delta[2,12,1,2]",2,12,1,2,0.0
delta,"delta[2,12,1,3]",2,12,1,3,0.0
delta,"delta[2,12,2,1]",2,12,2,1,0.0
delta,"delta[2,12,2,2]",2,12,2,2,0.0
delta,"delta[2,12,2,3]",2,12,2,3,0.0
delta,"delta[2,12,2,4]",2,12,2,4,0.0
delta,"delta[2,12,3,1]",2,12,3,1,1.0
delta,"delta[2,12,3,2]",2,12,3,2,1.0
delta,"delta[2,12,3,3]",2,12,3,3,1.0
delta,"delta[2,13,1,1]",2,13,1,1,0.0
delta,"delta[2,13,1,2]",2,13,1,2,0.0
delta,"delta[2,13,1,3]",2,13,1,3,0.0
delta,"delta[2,13,2,1]",2,13,2,1,0.0
delta,"delta[2,13,2,2]",2,13,2,2,0.0
delta,"delta[2,13,2,3]",2,13,2,3,0.0
delta,"delta[2,13,2,4]",2,13,2,4,0.0
delta,"delta[2,13,3,1]",2,13,3,1,0.0
delta,"delta[2,13,3,2]",2,13,3,2,0.0
delta,"delta[2,13,3,3]",2,13,3,3,0.0
delta,"delta[2,14,1,1]",2,14,1,1,0.0
delta,"delta[2,14,1,2]",2,14,1,2,0.0
delta,"delta[2,14,1,3]",2,14,1,3,0.0
delta,"delta[2,14,2,1]",2,14,2,1,0.0
delta,"delta[2,14,2,2]",2,14,2,2,0.0
delta,"delta[2,14,2,3]",2,14,2,3,0.0
delta,"delta[2,14,2,4]",2,14,2,4,0.0
delta,"delta[2,14,3,1]",2,14,3,1,1.0
delta,"delta[2,14,3,2]",2,14,3,2,1.0
delta,"delta[2,14,3,3]",2,14,3,3,0.0
delta,"delta[2,15,1,1]",2,15,1,1,0.0
delta,"delta[2,15,1,2]",2,15,1,2,0.0
delta,"delta[2,15,1,3]",2,15,1,3,0.0
delta,"delta[2,15,2,1]",2,15,2,1,0.0
delta,"delta[2,15,2,2]",2,15,2,2,0.0
delta,"delta[2,15,2,3]",2,15,2,3,0.0
delta,"delta[2,15,2,4]",2,15,2,4,0.0
delta,"delta[2,15,3,1]",2,15,3,1,1.0
delta,"delta[2,15,3,2]",2,15,3,2,1.0
delta,"delta[2,15,3,3]",2,15,3,3,1.0
delta,"delta[3,1,1,1]",3,1,1,1,1.0
delta,"delta[3,1,1,2]",3,1,1,2,1.0
delta,"delta[3,1,1,3]",3,1,1,3,1.0
delta,"delta[3,1,2,1]",3,1,2,1,0.0
delta,"delta[3,1,2,2]",3,1,2,2,0.0
delta,"delta[3,1,2,3]",3,1,2,3,0.0
delta,"delta[3,1,2,4]",3,1,2,4,0.0
delta,"delta[3,1,3,1]",3,1,3,1,0.0
delta,"delta[3,1,3,2]",3,1,3,2,0.0
delta,"delta[3,1,3,3]",3,1,3,3,0.0
delta,"delta[3,2,1,1]",3,2,1,1,1.0
delta,"delta[3,2,1,2]",3,2,1,2,1.0
delta,"delta[3,2,1,3]",3,2,1,3,1.0
delta,"delta[3,2,2,1]",3,2,2,1,0.0
delta,"delta[3,2,2,2]",3,2,2,2,0.0
delta,"delta[3,2,2,3]",3,2,2,3,0.0
delta,"delta[3,2,2,4]",3,2,2,4,0.0
delta,"delta[3,2,3,1]",3,2,3,1,0.0
delta,"delta[3,2,3,2]",3,2,3,2,0.0
delta,"delta[3,2,3,3]",3,2,3,3,0.0
delta,"delta[3,4,1,1]",3,4,1,1,0.0
delta,"delta[3,4,1,2]",3,4,1,2,-0.0
delta,"delta[3,4,1,3]",3,4,1,3,0.0
delta,"delta[3,4,2,1]",3,4,2,1,0.0
delta,"delta[3,4,2,2]",3,4,2,2,0.0
delta,"delta[3,4,2,3]",3,4,2,3,0.0
delta,"delta[3,4,2,4]",3,4,2,4,0.0
delta,"delta[3,4,3,1]",3,4,3,1,0.0
delta,"delta[3,4,3,2]",3,4,3,2,0.0
delta,"delta[3,4,3,3]",3,4,3,3,0.0
delta,"delta[3,5,1,1]",3,5,1,1,1.0
delta,"delta[3,5,1,2]",3,5,1,2,1.0
delta,"delta[3,5,1,3]",3,5,1,3,1.0
delta,"delta[3,5,2,1]",3,5,2,1,0.0
delta,"delta[3,5,2,2]",3,5,2,2,0.0
delta,"delta[3,5,2,3]",3,5,2,3,0.0
delta,"delta[3,5,2,4]",3,5,2,4,0.0
delta,"delta[3,5,3,1]",3,5,3,1,0.0
delta,"delta[3,5,3,2]",3,5,3,2,0.0
delta,"delta[3,5,3,3]",3,5,3,3,0.0
delta,"delta[3,6,1,1]",3,6,1,1,1.0
delta,"delta[3,6,1,2]",3,6,1,2,1.0
delta,"delta[3,6,1,3]",3,6,1,3,1.0
delta,"delta[3,6,2,1]",3,6,2,1,0.0
delta,"delta[3,6,2,2]",3,6,2,2,0.0
delta,"delta[3,6,2,3]",3,6,2,3,0.0
delta,"delta[3,6,2,4]",3,6,2,4,0.0
delta,"delta[3,6,3,1]",3,6,3,1,0.0
delta,"delta[3,6,3,2]",3,6,3,2,0.0
delta,"delta[3,6,3,3]",3,6,3,3,0.0
delta,"delta[3,7,1,1]",3,7,1,1,1.0
delta,"delta[3,7,1,2]",3,7,1,2,1.0
delta,"delta[3,7,1,3]",3,7,1,3,1.0
delta,"delta[3,7,2,1]",3,7,2,1,0.0
delta,"delta[3,7,2,2]",3,7,2,2,0.0
delta,"delta[3,7,2,3]",3,7,2,3,0.0
delta,"delta[3,7,2,4]",3,7,2,4,0.0
delta,"delta[3,7,3,1]",3,7,3,1,0.0
delta,"delta[3,7,3,2]",3,7,3,2,0.0
delta,"delta[3,7,3,3]",3,7,3,3,0.0
delta,"delta[3,8,1,1]",3,8,1,1,0.0
delta,"delta[3,8,1,2]",3,8,1,2,0.0
delta,"delta[3,8,1,3]",3,8,1,3,0.0
delta,"delta[3,8,2,1]",3,8,2,1,0.0
delta,"delta[3,8,2,2]",3,8,2,2,0.0
delta,"delta[3,8,2,3]",3,8,2,3,0.0
delta,"delta[3,8,2,4]",3,8,2,4,0.0
delta,"delta[3,8,3,1]",3,8,3,1,0.0
delta,"delta[3,8,3,2]",3,8,3,2,0.0
delta,"delta[3,8,3,3]",3,8,3,3,0.0
delta,"delta[3,9,1,1]",3,9,1,1,0.0
delta,"delta[3,9,1,2]",3,9,1,2,0.0
delta,"delta[3,9,1,3]",3,9,1,3,0.0
delta,"delta[3,9,2,1]",3,9,2,1,0.0
delta,"delta[3,9,2,2]",3,9,2,2,0.0
delta,"delta[3,9,2,3]",3,9,2,3,0.0
delta,"delta[3,9,2,4]",3,9,2,4,0.0
delta,"delta[3,9,3,1]",3,9,3,1,0.0
delta,"delta[3,9,3,2]",3,9,3,2,0.0
delta,"delta[3,9,3,3]",3,9,3,3,0.0
delta,"delta[3,10,1,1]",3,10,1,1,1.0
delta,"delta[3,10,1,2]",3,10,1,2,1.0
delta,"delta[3,10,1,3]",3,10,1,3,1.0
delta,"delta[3,10,2,1]",3,10,2,1,0.0
delta,"delta[3,10,2,2]",3,10,2,2,0.0
delta,"delta[3,10,2,3]",3,10,2,3,0.0
delta,"delta[3,10,2,4]",3,10,2,4,0.0
delta,"delta[3,10,3,1]",3,10,3,1,0.0
delta,"delta[3,10,3,2]",3,10,3,2,0.0
delta,"delta[3,10,3,3]",3,10,3,3,0.0
delta,"delta[3,11,1,1]",3,11,1,1,1.0
delta,"delta[3,11,1,2]",3,11,1,2,1.0
delta,"delta[3,11,1,3]",3,11,1,3,1.0
delta,"delta[3,11,2,1]",3,11,2,1,0.0
delta,"delta[3,11,2,2]",3,11,2,2,0.0
delta,"delta[3,11,2,3]",3,11,2,3,0.0
delta,"delta[3,11,2,4]",3,11,2,4,0.0
delta,"delta[3,11,3,1]",3,11,3,1,0.0
delta,"delta[3,11,3,2]",3,11,3,2,0.0
delta,"delta[3,11,3,3]",3,11,3,3,0.0
delta,"delta[3,12,1,1]",3,12,1,1,-0.0
delta,"delta[3,12,1,2]",3,12,1,2,0.0
delta,"delta[3,12,1,3]",3,12,1,3,-0.0
delta,"delta[3,12,2,1]",3,12,2,1,0.0
delta,"delta[3,12,2,2]",3,12,2,2,0.0
delta,"delta[3,12,2,3]",3,12,2,3,0.0
delta,"delta[3,12,2,4]",3,12,2,4,0.0
delta,"delta[3,12,3,1]",3,12,3,1,0.0
delta,"delta[3,12,3,2]",3,12,3,2,0.0
delta,"delta[3,12,3,3]",3,12,3,3,0.0
delta,"delta[3,13,1,1]",3,13,1,1,0.0
delta,"delta[3,13,1,2]",3,13,1,2,1.0
delta,"delta[3,13,1,3]",3,13,1,3,0.0
delta,"delta[3,13,2,1]",3,13,2,1,0.0
delta,"delta[3,13,2,2]",3,13,2,2,0.0
delta,"delta[3,13,2,3]",3,13,2,3,0.0
delta,"delta[3,13,2,4]",3,13,2,4,0.0
delta,"delta[3,13,3,1]",3,13,3,1,0.0
delta,"delta[3,13,3,2]",3,13,3,2,0.0
delta,"delta[3,13,3,3]",3,13,3,3,0.0
delta,"delta[3,14,1,1]",3,14,1,1,1.0
delta,"delta[3,14,1,2]",3,14,1,2,1.0
delta,"delta[3,14,1,3]",3,14,1,3,0.0
delta,"delta[3,14,2,1]",3,14,2,1,0.0
delta,"delta[3,14,2,2]",3,14,2,2,0.0
delta,"delta[3,14,2,3]",3,14,2,3,0.0
delta,"delta[3,14,2,4]",3,14,2,4,0.0
delta,"delta[3,14,3,1]",3,14,3,1,0.0
delta,"delta[3,14,3,2]",3,14,3,2,0.0
delta,"delta[3,14,3,3]",3,14,3,3,0.0
delta,"delta[3,15,1,1]",3,15,1,1,0.0
delta,"delta[3,15,1,2]",3,15,1,2,0.0
delta,"delta[3,15,1,3]",3,15,1,3,0.0
delta,"delta[3,15,2,1]",3,15,2,1,0.0
delta,"delta[3,15,2,2]",3,15,2,2,0.0
delta,"delta[3,15,2,3]",3,15,2,3,0.0
delta,"delta[3,15,2,4]",3,15,2,4,0.0
delta,"delta[3,15,3,1]",3,15,3,1,0.0
delta,"delta[3,15,3,2]",3,15,3,2,0.0
delta,"delta[3,15,3,3]",3,15,3,3,0.0
delta,"delta[4,1,1,1]",4,1,1,1,1.0
delta,"delta[4,1,1,2]",4,1,1,2,1.0
delta,"delta[4,1,1,3]",4,1,1,3,1.0
delta,"delta[4,1,2,1]",4,1,2,1,1.0
delta,"delta[4,1,2,2]",4,1,2,2,1.0
delta,"delta[4,1,2,3]",4,1,2,3,1.0
delta,"delta[4,1,2,4]",4,1,2,4,1.0
delta,"delta[4,1,3,1]",4,1,3,1,1.0
delta,"delta[4,1,3,2]",4,1,3,2,1.0
delta,"delta[4,1,3,3]",4,1,3,3,1.0
delta,"delta[4,2,1,1]",4,2,1,1,1.0
delta,"delta[4,2,1,2]",4,2,1,2,1.0
delta,"delta[4,2,1,3]",4,2,1,3,1.0
delta,"delta[4,2,2,1]",4,2,2,1,1.0
delta,"delta[4,2,2,2]",4,2,2,2,1.0
delta,"delta[4,2,2,3]",4,2,2,3,1.0
delta,"delta[4,2,2,4]",4,2,2,4,1.0
delta,"delta[4,2,3,1]",4,2,3,1,0.0
delta,"delta[4,2,3,2]",4,2,3,2,0.0
delta,"delta[4,2,3,3]",4,2,3,3,0.0
delta,"delta[4,3,1,1]",4,3,1,1,1.0
delta,"delta[4,3,1,2]",4,3,1,2,1.0
delta,"delta[4,3,1,3]",4,3,1,3,1.0
delta,"delta[4,3,2,1]",4,3,2,1,1.0
delta,"delta[4,3,2,2]",4,3,2,2,1.0
delta,"delta[4,3,2,3]",4,3,2,3,1.0
delta,"delta[4,3,2,4]",4,3,2,4,1.0
delta,"delta[4,3,3,1]",4,3,3,1,1.0
delta,"delta[4,3,3,2]",4,3,3,2,1.0
delta,"delta[4,3,3,3]",4,3,3,3,1.0
delta,"delta[4,5,1,1]",4,5,1,1,1.0
delta,"delta[4,5,1,2]",4,5,1,2,1.0
delta,"delta[4,5,1,3]",4,5,1,3,1.0
delta,"delta[4,5,2,1]",4,5,2,1,1.0
delta,"delta[4,5,2,2]",4,5,2,2,1.0
delta,"delta[4,5,2,3]",4,5,2,3,1.0
delta,"delta[4,5,2,4]",4,5,2,4,1.0
delta,"delta[4,5,3,1]",4,5,3,1,0.0
delta,"delta[4,5,3,2]",4,5,3,2,1.0
delta,"delta[4,5,3,3]",4,5,3,3,1.0
delta,"delta[4,6,1,1]",4,6,1,1,-0.0
delta,"delta[4,6,1,2]",4,6,1,2,0.0
delta,"delta[4,6,1,3]",4,6,1,3,0.0
delta,"delta[4,6,2,1]",4,6,2,1,0.0
delta,"delta[4,6,2,2]",4,6,2,2,0.0
delta,"delta[4,6,2,3]",4,6,2,3,0.0
delta,"delta[4,6,2,4]",4,6,2,4,0.0
delta,"delta[4,6,3,1]",4,6,3,1,1.0
delta,"delta[4,6,3,2]",4,6,3,2,1.0
delta,"delta[4,6,3,3]",4,6,3,3,1.0
delta,"delta[4,7,1,1]",4,7,1,1,1.0
delta,"delta[4,7,1,2]",4,7,1,2,1.0
delta,"delta[4,7,1,3]",4,7,1,3,1.0
delta,"delta[4,7,2,1]",4,7,2,1,0.0
delta,"delta[4,7,2,2]",4,7,2,2,0.0
delta,"delta[4,7,2,3]",4,7,2,3,0.0
delta,"delta[4,7,2,4]",4,7,2,4,0.0
delta,"delta[4,7,3,1]",4,7,3,1,1.0
delta,"delta[4,7,3,2]",4,7,3,2,1.0
delta,"delta[4,7,3,3]",4,7,3,3,1.0
delta,"delta[4,8,1,1]",4,8,1,1,0.0
delta,"delta[4,8,1,2]",4,8,1,2,0.0
delta,"delta[4,8,1,3]",4,8,1,3,0.0
delta,"delta[4,8,2,1]",4,8,2,1,1.0
delta,"delta[4,8,2,2]",4,8,2,2,1.0
delta,"delta[4,8,2,3]",4,8,2,3,1.0
delta,"delta[4,8,2,4]",4,8,2,4,1.0
delta,"delta[4,8,3,1]",4,8,3,1,1.0
delta,"delta[4,8,3,2]",4,8,3,2,1.0
delta,"delta[4,8,3,3]",4,8,3,3,1.0
delta,"delta[4,9,1,1]",4,9,1,1,0.0
delta,"delta[4,9,1,2]",4,9,1,2,0.0
delta,"delta[4,9,1,3]",4,9,1,3,0.0
delta,"delta[4,9,2,1]",4,9,2,1,0.0
delta,"delta[4,9,2,2]",4,9,2,2,0.0
delta,"delta[4,9,2,3]",4,9,2,3,0.0
delta,"delta[4,9,2,4]",4,9,2,4,0.0
delta,"delta[4,9,3,1]",4,9,3,1,0.0
delta,"delta[4,9,3,2]",4,9,3,2,0.0
delta,"delta[4,9,3,3]",4,9,3,3,1.0
delta,"delta[4,10,1,1]",4,10,1,1,0.0
delta,"delta[4,10,1,2]",4,10,1,2,0.0
delta,"delta[4,10,1,3]",4,10,1,3,0.0
delta,"delta[4,10,2,1]",4,10,2,1,0.0
delta,"delta[4,10,2,2]",4,10,2,2,0.0
delta,"delta[4,10,2,3]",4,10,2,3,0.0
delta,"delta[4,10,2,4]",4,10,2,4,0.0
delta,"delta[4,10,3,1]",4,10,3,1,1.0
delta,"delta[4,10,3,2]",4,10,3,2,1.0
delta,"delta[4,10,3,3]",4,10,3,3,1.0
delta,"delta[4,11,1,1]",4,11,1,1,1.0
delta,"delta[4,11,1,2]",4,11,1,2,1.0
delta,"delta[4,11,1,3]",4,11,1,3,1.0
delta,"delta[4,11,2,1]",4,11,2,1,1.0
delta,"delta[4,11,2,2]",4,11,2,2,1.0
delta,"delta[4,11,2,3]",4,11,2,3,1.0
delta,"delta[4,11,2,4]",4,11,2,4,1.0
delta,"delta[4,11,3,1]",4,11,3,1,1.0
delta,"delta[4,11,3,2]",4,11,3,2,1.0
delta,"delta[4,11,3,3]",4,11,3,3,0.0
delta,"delta[4,12,1,1]",4,12,1,1,0.0
delta,"delta[4,12,1,2]",4,12,1,2,0.0
delta,"delta[4,12,1,3]",4,12,1,3,-0.0
delta,"delta[4,12,2,1]",4,12,2,1,0.0
delta,"delta[4,12,2,2]",4,12,2,2,0.0
delta,"delta[4,12,2,3]",4,12,2,3,0.0
delta,"delta[4,12,2,4]",4,12,2,4,0.0
delta,"delta[4,12,3,1]",4,12,3,1,1.0
delta,"delta[4,12,3,2]",4,12,3,2,1.0
delta,"delta[4,12,3,3]",4,12,3,3,1.0
delta,"delta[4,13,1,1]",4,13,1,1,0.0
delta,"delta[4,13,1,2]",4,13,1,2,0.0
delta,"delta[4,13,1,3]",4,13,1,3,0.0
delta,"delta[4,13,2,1]",4,13,2,1,0.0
delta,"delta[4,13,2,2]",4,13,2,2,0.0
delta,"delta[4,13,2,3]",4,13,2,3,0.0
delta,"delta[4,13,2,4]",4,13,2,4,0.0
delta,"delta[4,13,3,1]",4,13,3,1,1.0
delta,"delta[4,13,3,2]",4,13,3,2,1.0
delta,"delta[4,13,3,3]",4,13,3,3,1.0
delta,"delta[4,14,1,1]",4,14,1,1,1.0
delta,"delta[4,14,1,2]",4,14,1,2,1.0
delta,"delta[4,14,1,3]",4,14,1,3,1.0
delta,"delta[4,14,2,1]",4,14,2,1,0.0
delta,"delta[4,14,2,2]",4,14,2,2,0.0
delta,"delta[4,14,2,3]",4,14,2,3,0.0
delta,"delta[4,14,2,4]",4,14,2,4,0.0
delta,"delta[4,14,3,1]",4,14,3,1,-0.0
delta,"delta[4,14,3,2]",4,14,3,2,0.0
delta,"delta[4,14,3,3]",4,14,3,3,0.0
delta,"delta[4,15,1,1]",4,15,1,1,0.0
delta,"delta[4,15,1,2]",4,15,1,2,0.0
delta,"delta[4,15,1,3]",4,15,1,3,0.0
delta,"delta[4,15,2,1]",4,15,2,1,0.0
delta,"delta[4,15,2,2]",4,15,2,2,0.0
delta,"delta[4,15,2,3]",4,15,2,3,0.0
delta,"delta[4,15,2,4]",4,15,2,4,0.0
delta,"delta[4,15,3,1]",4,15,3,1,1.0
delta,"delta[4,15,3,2]",4,15,3,2,1.0
delta,"delta[4,15,3,3]",4,15,3,3,1.0
delta,"delta[5,1,1,1]",5,1,1,1,0.0
delta,"delta[5,1,1,2]",5,1,1,2,0.0
delta,"delta[5,1,1,3]",5,1,1,3,0.0
delta,"delta[5,1,2,1]",5,1,2,1,0.0
delta,"delta[5,1,2,2]",5,1,2,2,0.0
delta,"delta[5,1,2,3]",5,1,2,3,0.0
delta,"delta[5,1,2,4]",5,1,2,4,0.0
delta,"delta[5,1,3,1]",5,1,3,1,1.0
delta,"delta[5,1,3,2]",5,1,3,2,1.0
delta,"delta[5,1,3,3]",5,1,3,3,1.0
delta,"delta[5,2,1,1]",5,2,1,1,0.0
delta,"delta[5,2,1,2]",5,2,1,2,0.0
delta,"delta[5,2,1,3]",5,2,1,3,0.0
delta,"delta[5,2,2,1]",5,2,2,1,0.0
delta,"delta[5,2,2,2]",5,2,2,2,0.0
delta,"delta[5,2,2,3]",5,2,2,3,0.0
delta,"delta[5,2,2,4]",5,2,2,4,0.0
delta,"delta[5,2,3,1]",5,2,3,1,1.0
delta,"delta[5,2,3,2]",5,2,3,2,1.0
delta,"delta[5,2,3,3]",5,2,3,3,0.0
delta,"delta[5,3,1,1]",5,3,1,1,0.0
delta,"delta[5,3,1,2]",5,3,1,2,0.0
delta,"delta[5,3,1,3]",5,3,1,3,0.0
delta,"delta[5,3,2,1]",5,3,2,1,0.0
delta,"delta[5,3,2,2]",5,3,2,2,0.0
delta,"delta[5,3,2,3]",5,3,2,3,0.0
delta,"delta[5,3,2,4]",5,3,2,4,0.0
delta,"delta[5,3,3,1]",5,3,3,1,1.0
delta,"delta[5,3,3,2]",5,3,3,2,1.0
delta,"delta[5,3,3,3]",5,3,3,3,1.0
delta,"delta[5,4,1,1]",5,4,1,1,0.0
delta,"delta[5,4,1,2]",5,4,1,2,0.0
delta,"delta[5,4,1,3]",5,4,1,3,0.0
delta,"delta[5,4,2,1]",5,4,2,1,0.0
delta,"delta[5,4,2,2]",5,4,2,2,0.0
delta,"delta[5,4,2,3]",5,4,2,3,0.0
delta,"delta[5,4,2,4]",5,4,2,4,0.0
delta,"delta[5,4,3,1]",5,4,3,1,1.0
delta,"delta[5,4,3,2]",5,4,3,2,0.0
delta,"delta[5,4,3,3]",5,4,3,3,0.0
delta,"delta[5,6,1,1]",5,6,1,1,0.0
delta,"delta[5,6,1,2]",5,6,1,2,0.0
delta,"delta[5,6,1,3]",5,6,1,3,0.0
delta,"delta[5,6,2,1]",5,6,2,1,0.0
delta,"delta[5,6,2,2]",5,6,2,2,0.0
delta,"delta[5,6,2,3]",5,6,2,3,0.0
delta,"delta[5,6,2,4]",5,6,2,4,0.0
delta,"delta[5,6,3,1]",5,6,3,1,1.0
delta,"delta[5,6,3,2]",5,6,3,2,1.0
delta,"delta[5,6,3,3]",5,6,3,3,1.0
delta,"delta[5,7,1,1]",5,7,1,1,0.0
delta,"delta[5,7,1,2]",5,7,1,2,0.0
delta,"delta[5,7,1,3]",5,7,1,3,0.0
delta,"delta[5,7,2,1]",5,7,2,1,0.0
delta,"delta[5,7,2,2]",5,7,2,2,0.0
delta,"delta[5,7,2,3]",5,7,2,3,0.0
delta,"delta[5,7,2,4]",5,7,2,4,0.0
delta,"delta[5,7,3,1]",5,7,3,1,0.0
delta,"delta[5,7,3,2]",5,7,3,2,-0.0
delta,"delta[5,7,3,3]",5,7,3,3,0.0
delta,"delta[5,8,1,1]",5,8,1,1,0.0
delta,"delta[5,8,1,2]",5,8,1,2,0.0
delta,"delta[5,8,1,3]",5,8,1,3,0.0
delta,"delta[5,8,2,1]",5,8,2,1,0.0
delta,"delta[5,8,2,2]",5,8,2,2,0.0
delta,"delta[5,8,2,3]",5,8,2,3,0.0
delta,"delta[5,8,2,4]",5,8,2,4,0.0
delta,"delta[5,8,3,1]",5,8,3,1,1.0
delta,"delta[5,8,3,2]",5,8,3,2,1.0
delta,"delta[5,8,3,3]",5,8,3,3,1.0
delta,"delta[5,9,1,1]",5,9,1,1,0.0
delta,"delta[5,9,1,2]",5,9,1,2,0.0
delta,"delta[5,9,1,3]",5,9,1,3,0.0
delta,"delta[5,9,2,1]",5,9,2,1,0.0
delta,"delta[5,9,2,2]",5,9,2,2,0.0
delta,"delta[5,9,2,3]",5,9,2,3,0.0
delta,"delta[5,9,2,4]",5,9,2,4,0.0
delta,"delta[5,9,3,1]",5,9,3,1,0.0
delta,"delta[5,9,3,2]",5,9,3,2,0.0
delta,"delta[5,9,3,3]",5,9,3,3,-0.0
delta,"delta[5,10,1,1]",5,10,1,1,0.0
delta,"delta[5,10,1,2]",5,10,1,2,0.0
delta,"delta[5,10,1,3]",5,10,1,3,0.0
delta,"delta[5,10,2,1]",5,10,2,1,0.0
delta,"delta[5,10,2,2]",5,10,2,2,0.0
delta,"delta[5,10,2,3]",5,10,2,3,0.0
delta,"delta[5,10,2,4]",5,10,2,4,0.0
delta,"delta[5,10,3,1]",5,10,3,1,1.0
delta,"delta[5,10,3,2]",5,10,3,2,1.0
delta,"delta[5,10,3,3]",5,10,3,3,1.0
delta,"delta[5,11,1,1]",5,11,1,1,0.0
delta,"delta[5,11,1,2]",5,11,1,2,0.0
delta,"delta[5,11,1,3]",5,11,1,3,0.0
delta,"delta[5,11,2,1]",5,11,2,1,0.0
delta,"delta[5,11,2,2]",5,11,2,2,0.0
delta,"delta[5,11,2,3]",5,11,2,3,0.0
delta,"delta[5,11,2,4]",5,11,2,4,0.0
delta,"delta[5,11,3,1]",5,11,3,1,0.0
delta,"delta[5,11,3,2]",5,11,3,2,0.0
delta,"delta[5,11,3,3]",5,11,3,3,0.0
delta,"delta[5,12,1,1]",5,12,1,1,0.0
delta,"delta[5,12,1,2]",5,12,1,2,0.0
delta,"delta[5,12,1,3]",5,12,1,3,0.0
delta,"delta[5,12,2,1]",5,12,2,1,0.0
delta,"delta[5,12,2,2]",5,12,2,2,0.0
delta,"delta[5,12,2,3]",5,12,2,3,0.0
delta,"delta[5,12,2,4]",5,12,2,4,0.0
delta,"delta[5,12,3,1]",5,12,3,1,0.0
delta,"delta[5,12,3,2]",5,12,3,2,0.0
delta,"delta[5,12,3,3]",5,12,3,3,0.0
delta,"delta[5,13,1,1]",5,13,1,1,0.0
delta,"delta[5,13,1,2]",5,13,1,2,0.0
delta,"delta[5,13,1,3]",5,13,1,3,0.0
delta,"delta[5,13,2,1]",5,13,2,1,0.0
delta,"delta[5,13,2,2]",5,13,2,2,0.0
delta,"delta[5,13,2,3]",5,13,2,3,0.0
delta,"delta[5,13,2,4]",5,13,2,4,0.0
delta,"delta[5,13,3,1]",5,13,3,1,1.0
delta,"delta[5,13,3,2]",5,13,3,2,1.0
delta,"delta[5,13,3,3]",5,13,3,3,0.0
delta,"delta[5,14,1,1]",5,14,1,1,0.0
delta,"delta[5,14,1,2]",5,14,1,2,0.0
delta,"delta[5,14,1,3]",5,14,1,3,0.0
delta,"delta[5,14,2,1]",5,14,2,1,0.0
delta,"delta[5,14,2,2]",5,14,2,2,0.0
delta,"delta[5,14,2,3]",5,14,2,3,0.0
delta,"delta[5,14,2,4]",5,14,2,4,0.0
delta,"delta[5,14,3,1]",5,14,3,1,0.0
delta,"delta[5,14,3,2]",5,14,3,2,1.0
delta,"delta[5,14,3,3]",5,14,3,3,0.0
delta,"delta[5,15,1,1]",5,15,1,1,0.0
delta,"delta[5,15,1,2]",5,15,1,2,0.0
delta,"delta[5,15,1,3]",5,15,1,3,0.0
delta,"delta[5,15,2,1]",5,15,2,1,0.0
delta,"delta[5,15,2,2]",5,15,2,2,0.0
delta,"delta[5,15,2,3]",5,15,2,3,0.0
delta,"delta[5,15,2,4]",5,15,2,4,0.0
delta,"delta[5,15,3,1]",5,15,3,1,1.0
delta,"delta[5,15,3,2]",5,15,3,2,1.0
delta,"delta[5,15,3,3]",5,15,3,3,1.0
delta,"delta[6,1,1,1]",6,1,1,1,1.0
delta,"delta[6,1,1,2]",6,1,1,2,1.0
delta,"delta[6,1,1,3]",6,1,1,3,1.0
delta,"delta[6,1,2,1]",6,1,2,1,1.0
delta,"delta[6,1,2,2]",6,1,2,2,1.0
delta,"delta[6,1,2,3]",6,1,2,3,1.0
delta,"delta[6,1,2,4]",6,1,2,4,1.0
delta,"delta[6,1,3,1]",6,1,3,1,0.0
delta,"delta[6,1,3,2]",6,1,3,2,0.0
delta,"delta[6,1,3,3]",6,1,3,3,0.0
delta,"delta[6,2,1,1]",6,2,1,1,1.0
delta,"delta[6,2,1,2]",6,2,1,2,1.0
delta,"delta[6,2,1,3]",6,2,1,3,1.0
delta,"delta[6,2,2,1]",6,2,2,1,1.0
delta,"delta[6,2,2,2]",6,2,2,2,1.0
delta,"delta[6,2,2,3]",6,2,2,3,1.0
delta,"delta[6,2,2,4]",6,2,2,4,1.0
delta,"delta[6,2,3,1]",6,2,3,1,0.0
delta,"delta[6,2,3,2]",6,2,3,2,0.0
delta,"delta[6,2,3,3]",6,2,3,3,0.0
delta,"delta[6,3,1,1]",6,3,1,1,0.0
delta,"delta[6,3,1,2]",6,3,1,2,0.0
delta,"delta[6,3,1,3]",6,3,1,3,0.0
delta,"delta[6,3,2,1]",6,3,2,1,1.0
delta,"delta[6,3,2,2]",6,3,2,2,1.0
delta,"delta[6,3,2,3]",6,3,2,3,1.0
delta,"delta[6,3,2,4]",6,3,2,4,1.0
delta,"delta[6,3,3,1]",6,3,3,1,0.0
delta,"delta[6,3,3,2]",6,3,3,2,0.0
delta,"delta[6,3,3,3]",6,3,3,3,0.0
delta,"delta[6,4,1,1]",6,4,1,1,1.0
delta,"delta[6,4,1,2]",6,4,1,2,1.0
delta,"delta[6,4,1,3]",6,4,1,3,1.0
delta,"delta[6,4,2,1]",6,4,2,1,1.0
delta,"delta[6,4,2,2]",6,4,2,2,1.0
delta,"delta[6,4,2,3]",6,4,2,3,1.0
delta,"delta[6,4,2,4]",6,4,2,4,1.0
delta,"delta[6,4,3,1]",6,4,3,1,0.0
delta,"delta[6,4,3,2]",6,4,3,2,0.0
delta,"delta[6,4,3,3]",6,4,3,3,0.0
delta,"delta[6,5,1,1]",6,5,1,1,1.0
delta,"delta[6,5,1,2]",6,5,1,2,1.0
delta,"delta[6,5,1,3]",6,5,1,3,1.0
delta,"delta[6,5,2,1]",6,5,2,1,1.0
delta,"delta[6,5,2,2]",6,5,2,2,1.0
delta,"delta[6,5,2,3]",6,5,2,3,1.0
delta,"delta[6,5,2,4]",6,5,2,4,1.0
delta,"delta[6,5,3,1]",6,5,3,1,0.0
delta,"delta[6,5,3,2]",6,5,3,2,0.0
delta,"delta[6,5,3,3]",6,5,3,3,0.0
delta,"delta[6,7,1,1]",6,7,1,1,1.0
delta,"delta[6,7,1,2]",6,7,1,2,1.0
delta,"delta[6,7,1,3]",6,7,1,3,1.0
delta,"delta[6,7,2,1]",6,7,2,1,0.0
delta,"delta[6,7,2,2]",6,7,2,2,0.0
delta,"delta[6,7,2,3]",6,7,2,3,0.0
delta,"delta[6,7,2,4]",6,7,2,4,0.0
delta,"delta[6,7,3,1]",6,7,3,1,0.0
delta,"delta[6,7,3,2]",6,7,3,2,0.0
delta,"delta[6,7,3,3]",6,7,3,3,0.0
delta,"delta[6,8,1,1]",6,8,1,1,1.0
delta,"delta[6,8,1,2]",6,8,1,2,1.0
delta,"delta[6,8,1,3]",6,8,1,3,1.0
delta,"delta[6,8,2,1]",6,8,2,1,1.0
delta,"delta[6,8,2,2]",6,8,2,2,1.0
delta,"delta[6,8,2,3]",6,8,2,3,1.0
delta,"delta[6,8,2,4]",6,8,2,4,1.0
delta,"delta[6,8,3,1]",6,8,3,1,0.0
delta,"delta[6,8,3,2]",6,8,3,2,0.0
delta,"delta[6,8,3,3]",6,8,3,3,0.0
delta,"delta[6,9,1,1]",6,9,1,1,0.0
delta,"delta[6,9,1,2]",6,9,1,2,0.0
delta,"delta[6,9,1,3]",6,9,1,3,0.0
delta,"delta[6,9,2,1]",6,9,2,1,1.0
delta,"delta[6,9,2,2]",6,9,2,2,1.0
delta,"delta[6,9,2,3]",6,9,2,3,1.0
delta,"delta[6,9,2,4]",6,9,2,4,0.0
delta,"delta[6,9,3,1]",6,9,3,1,0.0
delta,"delta[6,9,3,2]",6,9,3,2,0.0
delta,"delta[6,9,3,3]",6,9,3,3,0.0
delta,"delta[6,10,1,1]",6,10,1,1,1.0
delta,"delta[6,10,1,2]",6,10,1,2,0.0
delta,"delta[6,10,1,3]",6,10,1,3,1.0
delta,"delta[6,10,2,1]",6,10,2,1,0.0
delta,"delta[6,10,2,2]",6,10,2,2,0.0
delta,"delta[6,10,2,3]",6,10,2,3,0.0
delta,"delta[6,10,2,4]",6,10,2,4,0.0
delta,"delta[6,10,3,1]",6,10,3,1,0.0
delta,"delta[6,10,3,2]",6,10,3,2,0.0
delta,"delta[6,10,3,3]",6,10,3,3,0.0
delta,"delta[6,11,1,1]",6,11,1,1,1.0
delta,"delta[6,11,1,2]",6,11,1,2,1.0
delta,"delta[6,11,1,3]",6,11,1,3,1.0
delta,"delta[6,11,2,1]",6,11,2,1,1.0
delta,"delta[6,11,2,2]",6,11,2,2,1.0
delta,"delta[6,11,2,3]",6,11,2,3,1.0
delta,"delta[6,11,2,4]",6,11,2,4,1.0
delta,"delta[6,11,3,1]",6,11,3,1,0.0
delta,"delta[6,11,3,2]",6,11,3,2,0.0
delta,"delta[6,11,3,3]",6,11,3,3,0.0
delta,"delta[6,12,1,1]",6,12,1,1,-0.0
delta,"delta[6,12,1,2]",6,12,1,2,0.0
delta,"delta[6,12,1,3]",6,12,1,3,0.0
delta,"delta[6,12,2,1]",6,12,2,1,0.0
delta,"delta[6,12,2,2]",6,12,2,2,0.0
delta,"delta[6,12,2,3]",6,12,2,3,0.0
delta,"delta[6,12,2,4]",6,12,2,4,0.0
delta,"delta[6,12,3,1]",6,12,3,1,0.0
delta,"delta[6,12,3,2]",6,12,3,2,0.0
delta,"delta[6,12,3,3]",6,12,3,3,0.0
delta,"delta[6,13,1,1]",6,13,1,1,0.0
delta,"delta[6,13,1,2]",6,13,1,2,0.0
delta,"delta[6,13,1,3]",6,13,1,3,0.0
delta,"delta[6,13,2,1]",6,13,2,1,0.0
delta,"delta[6,13,2,2]",6,13,2,2,0.0
delta,"delta[6,13,2,3]",6,13,2,3,0.0
delta,"delta[6,13,2,4]",6,13,2,4,0.0
delta,"delta[6,13,3,1]",6,13,3,1,0.0
delta,"delta[6,13,3,2]",6,13,3,2,0.0
delta,"delta[6,13,3,3]",6,13,3,3,0.0
delta,"delta[6,14,1,1]",6,14,1,1,1.0
delta,"delta[6,14,1,2]",6,14,1,2,1.0
delta,"delta[6,14,1,3]",6,14,1,3,1.0
delta,"delta[6,14,2,1]",6,14,2,1,1.0
delta,"delta[6,14,2,2]",6,14,2,2,1.0
delta,"delta[6,14,2,3]",6,14,2,3,1.0
delta,"delta[6,14,2,4]",6,14,2,4,1.0
delta,"delta[6,14,3,1]",6,14,3,1,0.0
delta,"delta[6,14,3,2]",6,14,3,2,0.0
delta,"delta[6,14,3,3]",6,14,3,3,0.0
delta,"delta[6,15,1,1]",6,15,1,1,0.0
delta,"delta[6,15,1,2]",6,15,1,2,0.0
delta,"delta[6,15,1,3]",6,15,1,3,0.0
delta,"delta[6,15,2,1]",6,15,2,1,1.0
delta,"delta[6,15,2,2]",6,15,2,2,1.0
delta,"delta[6,15,2,3]",6,15,2,3,1.0
delta,"delta[6,15,2,4]",6,15,2,4,0.0
delta,"delta[6,15,3,1]",6,15,3,1,0.0
delta,"delta[6,15,3,2]",6,15,3,2,0.0
delta,"delta[6,15,3,3]",6,15,3,3,0.0
delta,"delta[7,1,1,1]",7,1,1,1,0.0
delta,"delta[7,1,1,2]",7,1,1,2,0.0
delta,"delta[7,1,1,3]",7,1,1,3,0.0
delta,"delta[7,1,2,1]",7,1,2,1,1.0
delta,"delta[7,1,2,2]",7,1,2,2,1.0
delta,"delta[7,1,2,3]",7,1,2,3,1.0
delta,"delta[7,1,2,4]",7,1,2,4,1.0
delta,"delta[7,1,3,1]",7,1,3,1,1.0
delta,"delta[7,1,3,2]",7,1,3,2,1.0
delta,"delta[7,1,3,3]",7,1,3,3,1.0
delta,"delta[7,2,1,1]",7,2,1,1,0.0
delta,"delta[7,2,1,2]",7,2,1,2,0.0
delta,"delta[7,2,1,3]",7,2,1,3,0.0
delta,"delta[7,2,2,1]",7,2,2,1,1.0
delta,"delta[7,2,2,2]",7,2,2,2,1.0
delta,"delta[7,2,2,3]",7,2,2,3,1.0
delta,"delta[7,2,2,4]",7,2,2,4,1.0
delta,"delta[7,2,3,1]",7,2,3,1,1.0
delta,"delta[7,2,3,2]",7,2,3,2,1.0
delta,"delta[7,2,3,3]",7,2,3,3,1.0
delta,"delta[7,3,1,1]",7,3,1,1,0.0
delta,"delta[7,3,1,2]",7,3,1,2,0.0
delta,"delta[7,3,1,3]",7,3,1,3,0.0
delta,"delta[7,3,2,1]",7,3,2,1,1.0
delta,"delta[7,3,2,2]",7,3,2,2,1.0
delta,"delta[7,3,2,3]",7,3,2,3,1.0
delta,"delta[7,3,2,4]",7,3,2,4,1.0
delta,"delta[7,3,3,1]",7,3,3,1,1.0
delta,"delta[7,3,3,2]",7,3,3,2,1.0
delta,"delta[7,3,3,3]",7,3,3,3,1.0
delta,"delta[7,4,1,1]",7,4,1,1,0.0
delta,"delta[7,4,1,2]",7,4,1,2,0.0
delta,"delta[7,4,1,3]",7,4,1,3,0.0
delta,"delta[7,4,2,1]",7,4,2,1,1.0
delta,"delta[7,4,2,2]",7,4,2,2,1.0
delta,"delta[7,4,2,3]",7,4,2,3,1.0
delta,"delta[7,4,2,4]",7,4,2,4,1.0
delta,"delta[7,4,3,1]",7,4,3,1,0.0
delta,"delta[7,4,3,2]",7,4,3,2,0.0
delta,"delta[7,4,3,3]",7,4,3,3,0.0
delta,"delta[7,5,1,1]",7,5,1,1,0.0
delta,"delta[7,5,1,2]",7,5,1,2,0.0
delta,"delta[7,5,1,3]",7,5,1,3,0.0
delta,"delta[7,5,2,1]",7,5,2,1,1.0
delta,"delta[7,5,2,2]",7,5,2,2,1.0
delta,"delta[7,5,2,3]",7,5,2,3,1.0
delta,"delta[7,5,2,4]",7,5,2,4,1.0
delta,"delta[7,5,3,1]",7,5,3,1,1.0
delta,"delta[7,5,3,2]",7,5,3,2,1.0
delta,"delta[7,5,3,3]",7,5,3,3,1.0
delta,"delta[7,6,1,1]",7,6,1,1,0.0
delta,"delta[7,6,1,2]",7,6,1,2,0.0
delta,"delta[7,6,1,3]",7,6,1,3,0.0
delta,"delta[7,6,2,1]",7,6,2,1,1.0
delta,"delta[7,6,2,2]",7,6,2,2,1.0
delta,"delta[7,6,2,3]",7,6,2,3,1.0
delta,"delta[7,6,2,4]",7,6,2,4,1.0
delta,"delta[7,6,3,1]",7,6,3,1,1.0
delta,"delta[7,6,3,2]",7,6,3,2,1.0
delta,"delta[7,6,3,3]",7,6,3,3,1.0
delta,"delta[7,8,1,1]",7,8,1,1,0.0
delta,"delta[7,8,1,2]",7,8,1,2,0.0
delta,"delta[7,8,1,3]",7,8,1,3,0.0
delta,"delta[7,8,2,1]",7,8,2,1,1.0
delta,"delta[7,8,2,2]",7,8,2,2,1.0
delta,"delta[7,8,2,3]",7,8,2,3,1.0
delta,"delta[7,8,2,4]",7,8,2,4,1.0
delta,"delta[7,8,3,1]",7,8,3,1,1.0
delta,"delta[7,8,3,2]",7,8,3,2,1.0
delta,"delta[7,8,3,3]",7,8,3,3,1.0
delta,"delta[7,9,1,1]",7,9,1,1,0.0
delta,"delta[7,9,1,2]",7,9,1,2,0.0
delta,"delta[7,9,1,3]",7,9,1,3,0.0
delta,"delta[7,9,2,1]",7,9,2,1,0.0
delta,"delta[7,9,2,2]",7,9,2,2,0.0
delta,"delta[7,9,2,3]",7,9,2,3,0.0
delta,"delta[7,9,2,4]",7,9,2,4,0.0
delta,"delta[7,9,3,1]",7,9,3,1,0.0
delta,"delta[7,9,3,2]",7,9,3,2,0.0
delta,"delta[7,9,3,3]",7,9,3,3,0.0
delta,"delta[7,10,1,1]",7,10,1,1,0.0
delta,"delta[7,10,1,2]",7,10,1,2,0.0
delta,"delta[7,10,1,3]",7,10,1,3,0.0
delta,"delta[7,10,2,1]",7,10,2,1,0.0
delta,"delta[7,10,2,2]",7,10,2,2,0.0
delta,"delta[7,10,2,3]",7,10,2,3,0.0
delta,"delta[7,10,2,4]",7,10,2,4,0.0
delta,"delta[7,10,3,1]",7,10,3,1,1.0
delta,"delta[7,10,3,2]",7,10,3,2,1.0
delta,"delta[7,10,3,3]",7,10,3,3,1.0
delta,"delta[7,11,1,1]",7,11,1,1,0.0
delta,"delta[7,11,1,2]",7,11,1,2,0.0
delta,"delta[7,11,1,3]",7,11,1,3,0.0
delta,"delta[7,11,2,1]",7,11,2,1,1.0
delta,"delta[7,11,2,2]",7,11,2,2,1.0
delta,"delta[7,11,2,3]",7,11,2,3,1.0
delta,"delta[7,11,2,4]",7,11,2,4,1.0
delta,"delta[7,11,3,1]",7,11,3,1,1.0
delta,"delta[7,11,3,2]",7,11,3,2,1.0
delta,"delta[7,11,3,3]",7,11,3,3,1.0
delta,"delta[7,12,1,1]",7,12,1,1,0.0
delta,"delta[7,12,1,2]",7,12,1,2,0.0
delta,"delta[7,12,1,3]",7,12,1,3,0.0
delta,"delta[7,12,2,1]",7,12,2,1,0.0
delta,"delta[7,12,2,2]",7,12,2,2,0.0
delta,"delta[7,12,2,3]",7,12,2,3,0.0
delta,"delta[7,12,2,4]",7,12,2,4,0.0
delta,"delta[7,12,3,1]",7,12,3,1,1.0
delta,"delta[7,12,3,2]",7,12,3,2,1.0
delta,"delta[7,12,3,3]",7,12,3,3,1.0
delta,"delta[7,13,1,1]",7,13,1,1,0.0
delta,"delta[7,13,1,2]",7,13,1,2,0.0
delta,"delta[7,13,1,3]",7,13,1,3,0.0
delta,"delta[7,13,2,1]",7,13,2,1,0.0
delta,"delta[7,13,2,2]",7,13,2,2,0.0
delta,"delta[7,13,2,3]",7,13,2,3,0.0
delta,"delta[7,13,2,4]",7,13,2,4,0.0
delta,"delta[7,13,3,1]",7,13,3,1,0.0
delta,"delta[7,13,3,2]",7,13,3,2,0.0
delta,"delta[7,13,3,3]",7,13,3,3,-0.0
delta,"delta[7,14,1,1]",7,14,1,1,0.0
delta,"delta[7,14,1,2]",7,14,1,2,0.0
delta,"delta[7,14,1,3]",7,14,1,3,0.0
delta,"delta[7,14,2,1]",7,14,2,1,1.0
delta,"delta[7,14,2,2]",7,14,2,2,0.0
delta,"delta[7,14,2,3]",7,14,2,3,1.0
delta,"delta[7,14,2,4]",7,14,2,4,1.0
delta,"delta[7,14,3,1]",7,14,3,1,0.0
delta,"delta[7,14,3,2]",7,14,3,2,1.0
delta,"delta[7,14,3,3]",7,14,3,3,1.0
delta,"delta[7,15,1,1]",7,15,1,1,0.0
delta,"delta[7,15,1,2]",7,15,1,2,0.0
delta,"delta[7,15,1,3]",7,15,1,3,0.0
delta,"delta[7,15,2,1]",7,15,2,1,0.0
delta,"delta[7,15,2,2]",7,15,2,2,0.0
delta,"delta[7,15,2,3]",7,15,2,3,0.0
delta,"delta[7,15,2,4]",7,15,2,4,0.0
delta,"delta[7,15,3,1]",7,15,3,1,1.0
delta,"delta[7,15,3,2]",7,15,3,2,1.0
delta,"delta[7,15,3,3]",7,15,3,3,1.0
delta,"delta[8,1,1,1]",8,1,1,1,1.0
delta,"delta[8,1,1,2]",8,1,1,2,0.0
delta,"delta[8,1,1,3]",8,1,1,3,0.0
delta,"delta[8,1,2,1]",8,1,2,1,0.0
delta,"delta[8,1,2,2]",8,1,2,2,0.0
delta,"delta[8,1,2,3]",8,1,2,3,0.0
delta,"delta[8,1,2,4]",8,1,2,4,0.0
delta,"delta[8,1,3,1]",8,1,3,1,0.0
delta,"delta[8,1,3,2]",8,1,3,2,0.0
delta,"delta[8,1,3,3]",8,1,3,3,0.0
delta,"delta[8,2,1,1]",8,2,1,1,1.0
delta,"delta[8,2,1,2]",8,2,1,2,1.0
delta,"delta[8,2,1,3]",8,2,1,3,1.0
delta,"delta[8,2,2,1]",8,2,2,1,0.0
delta,"delta[8,2,2,2]",8,2,2,2,0.0
delta,"delta[8,2,2,3]",8,2,2,3,0.0
delta,"delta[8,2,2,4]",8,2,2,4,0.0
delta,"delta[8,2,3,1]",8,2,3,1,0.0
delta,"delta[8,2,3,2]",8,2,3,2,0.0
delta,"delta[8,2,3,3]",8,2,3,3,0.0
delta,"delta[8,3,1,1]",8,3,1,1,1.0
delta,"delta[8,3,1,2]",8,3,1,2,1.0
delta,"delta[8,3,1,3]",8,3,1,3,1.0
delta,"delta[8,3,2,1]",8,3,2,1,0.0
delta,"delta[8,3,2,2]",8,3,2,2,0.0
delta,"delta[8,3,2,3]",8,3,2,3,0.0
delta,"delta[8,3,2,4]",8,3,2,4,0.0
delta,"delta[8,3,3,1]",8,3,3,1,0.0
delta,"delta[8,3,3,2]",8,3,3,2,0.0
delta,"delta[8,3,3,3]",8,3,3,3,0.0
delta,"delta[8,4,1,1]",8,4,1,1,1.0
delta,"delta[8,4,1,2]",8,4,1,2,1.0
delta,"delta[8,4,1,3]",8,4,1,3,1.0
delta,"delta[8,4,2,1]",8,4,2,1,0.0
delta,"delta[8,4,2,2]",8,4,2,2,0.0
delta,"delta[8,4,2,3]",8,4,2,3,0.0
delta,"delta[8,4,2,4]",8,4,2,4,0.0
delta,"delta[8,4,3,1]",8,4,3,1,0.0
delta,"delta[8,4,3,2]",8,4,3,2,0.0
delta,"delta[8,4,3,3]",8,4,3,3,0.0
delta,"delta[8,5,1,1]",8,5,1,1,1.0
delta,"delta[8,5,1,2]",8,5,1,2,1.0
delta,"delta[8,5,1,3]",8,5,1,3,1.0
delta,"delta[8,5,2,1]",8,5,2,1,0.0
delta,"delta[8,5,2,2]",8,5,2,2,0.0
delta,"delta[8,5,2,3]",8,5,2,3,0.0
delta,"delta[8,5,2,4]",8,5,2,4,0.0
delta,"delta[8,5,3,1]",8,5,3,1,0.0
delta,"delta[8,5,3,2]",8,5,3,2,0.0
delta,"delta[8,5,3,3]",8,5,3,3,0.0
delta,"delta[8,6,1,1]",8,6,1,1,0.0
delta,"delta[8,6,1,2]",8,6,1,2,0.0
delta,"delta[8,6,1,3]",8,6,1,3,0.0
delta,"delta[8,6,2,1]",8,6,2,1,0.0
delta,"delta[8,6,2,2]",8,6,2,2,0.0
delta,"delta[8,6,2,3]",8,6,2,3,0.0
delta,"delta[8,6,2,4]",8,6,2,4,0.0
delta,"delta[8,6,3,1]",8,6,3,1,0.0
delta,"delta[8,6,3,2]",8,6,3,2,0.0
delta,"delta[8,6,3,3]",8,6,3,3,0.0
delta,"delta[8,7,1,1]",8,7,1,1,1.0
delta,"delta[8,7,1,2]",8,7,1,2,1.0
delta,"delta[8,7,1,3]",8,7,1,3,1.0
delta,"delta[8,7,2,1]",8,7,2,1,0.0
delta,"delta[8,7,2,2]",8,7,2,2,0.0
delta,"delta[8,7,2,3]",8,7,2,3,0.0
delta,"delta[8,7,2,4]",8,7,2,4,0.0
delta,"delta[8,7,3,1]",8,7,3,1,0.0
delta,"delta[8,7,3,2]",8,7,3,2,0.0
delta,"delta[8,7,3,3]",8,7,3,3,0.0
delta,"delta[8,9,1,1]",8,9,1,1,0.0
delta,"delta[8,9,1,2]",8,9,1,2,0.0
delta,"delta[8,9,1,3]",8,9,1,3,0.0
delta,"delta[8,9,2,1]",8,9,2,1,0.0
delta,"delta[8,9,2,2]",8,9,2,2,0.0
delta,"delta[8,9,2,3]",8,9,2,3,0.0
delta,"delta[8,9,2,4]",8,9,2,4,0.0
delta,"delta[8,9,3,1]",8,9,3,1,0.0
delta,"delta[8,9,3,2]",8,9,3,2,0.0
delta,"delta[8,9,3,3]",8,9,3,3,0.0
delta,"delta[8,10,1,1]",8,10,1,1,0.0
delta,"delta[8,10,1,2]",8,10,1,2,1.0
delta,"delta[8,10,1,3]",8,10,1,3,0.0
delta,"delta[8,10,2,1]",8,10,2,1,0.0
delta,"delta[8,10,2,2]",8,10,2,2,0.0
delta,"delta[8,10,2,3]",8,10,2,3,0.0
delta,"delta[8,10,2,4]",8,10,2,4,0.0
delta,"delta[8,10,3,1]",8,10,3,1,0.0
delta,"delta[8,10,3,2]",8,10,3,2,0.0
delta,"delta[8,10,3,3]",8,10,3,3,0.0
delta,"delta[8,11,1,1]",8,11,1,1,1.0
delta,"delta[8,11,1,2]",8,11,1,2,1.0
delta,"delta[8,11,1,3]",8,11,1,3,1.0
delta,"delta[8,11,2,1]",8,11,2,1,0.0
delta,"delta[8,11,2,2]",8,11,2,2,0.0
delta,"delta[8,11,2,3]",8,11,2,3,0.0
delta,"delta[8,11,2,4]",8,11,2,4,0.0
delta,"delta[8,11,3,1]",8,11,3,1,0.0
delta,"delta[8,11,3,2]",8,11,3,2,0.0
delta,"delta[8,11,3,3]",8,11,3,3,0.0
delta,"delta[8,12,1,1]",8,12,1,1,0.0
delta,"delta[8,12,1,2]",8,12,1,2,0.0
delta,"delta[8,12,1,3]",8,12,1,3,0.0
delta,"delta[8,12,2,1]",8,12,2,1,0.0
delta,"delta[8,12,2,2]",8,12,2,2,0.0
delta,"delta[8,12,2,3]",8,12,2,3,0.0
delta,"delta[8,12,2,4]",8,12,2,4,0.0
delta,"delta[8,12,3,1]",8,12,3,1,0.0
delta,"delta[8,12,3,2]",8,12,3,2,0.0
delta,"delta[8,12,3,3]",8,12,3,3,0.0
delta,"delta[8,13,1,1]",8,13,1,1,0.0
delta,"delta[8,13,1,2]",8,13,1,2,0.0
delta,"delta[8,13,1,3]",8,13,1,3,0.0
delta,"delta[8,13,2,1]",8,13,2,1,0.0
delta,"delta[8,13,2,2]",8,13,2,2,0.0
delta,"delta[8,13,2,3]",8,13,2,3,0.0
delta,"delta[8,13,2,4]",8,13,2,4,0.0
delta,"delta[8,13,3,1]",8,13,3,1,0.0
delta,"delta[8,13,3,2]",8,13,3,2,0.0
delta,"delta[8,13,3,3]",8,13,3,3,0.0
delta,"delta[8,14,1,1]",8,14,1,1,1.0
delta,"delta[8,14,1,2]",8,14,1,2,1.0
delta,"delta[8,14,1,3]",8,14,1,3,0.0
delta,"delta[8,14,2,1]",8,14,2,1,0.0
delta,"delta[8,14,2,2]",8,14,2,2,0.0
delta,"delta[8,14,2,3]",8,14,2,3,0.0
delta,"delta[8,14,2,4]",8,14,2,4,0.0
delta,"delta[8,14,3,1]",8,14,3,1,0.0
delta,"delta[8,14,3,2]",8,14,3,2,0.0
delta,"delta[8,14,3,3]",8,14,3,3,0.0
delta,"delta[8,15,1,1]",8,15,1,1,-0.0
delta,"delta[8,15,1,2]",8,15,1,2,0.0
delta,"delta[8,15,1,3]",8,15,1,3,0.0
delta,"delta[8,15,2,1]",8,15,2,1,0.0
delta,"delta[8,15,2,2]",8,15,2,2,0.0
delta,"delta[8,15,2,3]",8,15,2,3,0.0
delta,"delta[8,15,2,4]",8,15,2,4,0.0
delta,"delta[8,15,3,1]",8,15,3,1,0.0
delta,"delta[8,15,3,2]",8,15,3,2,0.0
delta,"delta[8,15,3,3]",8,15,3,3,0.0
delta,"delta[9,1,1,1]",9,1,1,1,1.0
delta,"delta[9,1,1,2]",9,1,1,2,1.0
delta,"delta[9,1,1,3]",9,1,1,3,1.0
delta,"delta[9,1,2,1]",9,1,2,1,1.0
delta,"delta[9,1,2,2]",9,1,2,2,1.0
delta,"delta[9,1,2,3]",9,1,2,3,1.0
delta,"delta[9,1,2,4]",9,1,2,4,1.0
delta,"delta[9,1,3,1]",9,1,3,1,1.0
delta,"delta[9,1,3,2]",9,1,3,2,1.0
delta,"delta[9,1,3,3]",9,1,3,3,1.0
delta,"delta[9,2,1,1]",9,2,1,1,1.0
delta,"delta[9,2,1,2]",9,2,1,2,1.0
delta,"delta[9,2,1,3]",9,2,1,3,1.0
delta,"delta[9,2,2,1]",9,2,2,1,1.0
delta,"delta[9,2,2,2]",9,2,2,2,1.0
delta,"delta[9,2,2,3]",9,2,2,3,1.0
delta,"delta[9,2,2,4]",9,2,2,4,1.0
delta,"delta[9,2,3,1]",9,2,3,1,1.0
delta,"delta[9,2,3,2]",9,2,3,2,1.0
delta,"delta[9,2,3,3]",9,2,3,3,1.0
delta,"delta[9,3,1,1]",9,3,1,1,1.0
delta,"delta[9,3,1,2]",9,3,1,2,1.0
delta,"delta[9,3,1,3]",9,3,1,3,1.0
delta,"delta[9,3,2,1]",9,3,2,1,1.0
delta,"delta[9,3,2,2]",9,3,2,2,1.0
delta,"delta[9,3,2,3]",9,3,2,3,1.0
delta,"delta[9,3,2,4]",9,3,2,4,1.0
delta,"delta[9,3,3,1]",9,3,3,1,1.0
delta,"delta[9,3,3,2]",9,3,3,2,1.0
delta,"delta[9,3,3,3]",9,3,3,3,1.0
delta,"delta[9,4,1,1]",9,4,1,1,1.0
delta,"delta[9,4,1,2]",9,4,1,2,1.0
delta,"delta[9,4,1,3]",9,4,1,3,1.0
delta,"delta[9,4,2,1]",9,4,2,1,1.0
delta,"delta[9,4,2,2]",9,4,2,2,1.0
delta,"delta[9,4,2,3]",9,4,2,3,1.0
delta,"delta[9,4,2,4]",9,4,2,4,1.0
delta,"delta[9,4,3,1]",9,4,3,1,1.0
delta,"delta[9,4,3,2]",9,4,3,2,1.0
delta,"delta[9,4,3,3]",9,4,3,3,0.0
delta,"delta[9,5,1,1]",9,5,1,1,1.0
delta,"delta[9,5,1,2]",9,5,1,2,1.0
delta,"delta[9,5,1,3]",9,5,1,3,1.0
delta,"delta[9,5,2,1]",9,5,2,1,1.0
delta,"delta[9,5,2,2]",9,5,2,2,1.0
delta,"delta[9,5,2,3]",9,5,2,3,1.0
delta,"delta[9,5,2,4]",9,5,2,4,1.0
delta,"delta[9,5,3,1]",9,5,3,1,1.0
delta,"delta[9,5,3,2]",9,5,3,2,1.0
delta,"delta[9,5,3,3]",9,5,3,3,1.0
delta,"delta[9,6,1,1]",9,6,1,1,1.0
delta,"delta[9,6,1,2]",9,6,1,2,1.0
delta,"delta[9,6,1,3]",9,6,1,3,1.0
delta,"delta[9,6,2,1]",9,6,2,1,0.0
delta,"delta[9,6,2,2]",9,6,2,2,0.0
delta,"delta[9,6,2,3]",9,6,2,3,0.0
delta,"delta[9,6,2,4]",9,6,2,4,1.0
delta,"delta[9,6,3,1]",9,6,3,1,1.0
delta,"delta[9,6,3,2]",9,6,3,2,1.0
delta,"delta[9,6,3,3]",9,6,3,3,1.0
delta,"delta[9,7,1,1]",9,7,1,1,1.0
delta,"delta[9,7,1,2]",9,7,1,2,1.0
delta,"delta[9,7,1,3]",9,7,1,3,1.0
delta,"delta[9,7,2,1]",9,7,2,1,1.0
delta,"delta[9,7,2,2]",9,7,2,2,1.0
delta,"delta[9,7,2,3]",9,7,2,3,1.0
delta,"delta[9,7,2,4]",9,7,2,4,1.0
delta,"delta[9,7,3,1]",9,7,3,1,1.0
delta,"delta[9,7,3,2]",9,7,3,2,1.0
delta,"delta[9,7,3,3]",9,7,3,3,1.0
delta,"delta[9,8,1,1]",9,8,1,1,1.0
delta,"delta[9,8,1,2]",9,8,1,2,1.0
delta,"delta[9,8,1,3]",9,8,1,3,1.0
delta,"delta[9,8,2,1]",9,8,2,1,1.0
delta,"delta[9,8,2,2]",9,8,2,2,1.0
delta,"delta[9,8,2,3]",9,8,2,3,1.0
delta,"delta[9,8,2,4]",9,8,2,4,1.0
delta,"delta[9,8,3,1]",9,8,3,1,1.0
delta,"delta[9,8,3,2]",9,8,3,2,1.0
delta,"delta[9,8,3,3]",9,8,3,3,1.0
delta,"delta[9,10,1,1]",9,10,1,1,0.0
delta,"delta[9,10,1,2]",9,10,1,2,0.0
delta,"delta[9,10,1,3]",9,10,1,3,0.0
delta,"delta[9,10,2,1]",9,10,2,1,0.0
delta,"delta[9,10,2,2]",9,10,2,2,0.0
delta,"delta[9,10,2,3]",9,10,2,3,1.0
delta,"delta[9,10,2,4]",9,10,2,4,1.0
delta,"delta[9,10,3,1]",9,10,3,1,1.0
delta,"delta[9,10,3,2]",9,10,3,2,1.0
delta,"delta[9,10,3,3]",9,10,3,3,1.0
delta,"delta[9,11,1,1]",9,11,1,1,1.0
delta,"delta[9,11,1,2]",9,11,1,2,1.0
delta,"delta[9,11,1,3]",9,11,1,3,1.0
delta,"delta[9,11,2,1]",9,11,2,1,1.0
delta,"delta[9,11,2,2]",9,11,2,2,1.0
delta,"delta[9,11,2,3]",9,11,2,3,1.0
delta,"delta[9,11,2,4]",9,11,2,4,1.0
delta,"delta[9,11,3,1]",9,11,3,1,1.0
delta,"delta[9,11,3,2]",9,11,3,2,0.0
delta,"delta[9,11,3,3]",9,11,3,3,0.0
delta,"delta[9,12,1,1]",9,12,1,1,0.0
delta,"delta[9,12,1,2]",9,12,1,2,0.0
delta,"delta[9,12,1,3]",9,12,1,3,0.0
delta,"delta[9,12,2,1]",9,12,2,1,-0.0
delta,"delta[9,12,2,2]",9,12,2,2,0.0
delta,"delta[9,12,2,3]",9,12,2,3,0.0
delta,"delta[9,12,2,4]",9,12,2,4,0.0
delta,"delta[9,12,3,1]",9,12,3,1,0.0
delta,"delta[9,12,3,2]",9,12,3,2,0.0
delta,"delta[9,12,3,3]",9,12,3,3,0.0
delta,"delta[9,13,1,1]",9,13,1,1,0.0
delta,"delta[9,13,1,2]",9,13,1,2,0.0
delta,"delta[9,13,1,3]",9,13,1,3,0.0
delta,"delta[9,13,2,1]",9,13,2,1,0.0
delta,"delta[9,13,2,2]",9,13,2,2,0.0
delta,"delta[9,13,2,3]",9,13,2,3,0.0
delta,"delta[9,13,2,4]",9,13,2,4,0.0
delta,"delta[9,13,3,1]",9,13,3,1,0.0
delta,"delta[9,13,3,2]",9,13,3,2,0.0
delta,"delta[9,13,3,3]",9,13,3,3,0.0
delta,"delta[9,14,1,1]",9,14,1,1,0.0
delta,"delta[9,14,1,2]",9,14,1,2,0.0
delta,"delta[9,14,1,3]",9,14,1,3,0.0
delta,"delta[9,14,2,1]",9,14,2,1,1.0
delta,"delta[9,14,2,2]",9,14,2,2,1.0
delta,"delta[9,14,2,3]",9,14,2,3,1.0
delta,"delta[9,14,2,4]",9,14,2,4,1.0
delta,"delta[9,14,3,1]",9,14,3,1,0.0
delta,"delta[9,14,3,2]",9,14,3,2,0.0
delta,"delta[9,14,3,3]",9,14,3,3,0.0
delta,"delta[9,15,1,1]",9,15,1,1,0.0
delta,"delta[9,15,1,2]",9,15,1,2,0.0
delta,"delta[9,15,1,3]",9,15,1,3,0.0
delta,"delta[9,15,2,1]",9,15,2,1,-0.0
delta,"delta[9,15,2,2]",9,15,2,2,0.0
delta,"delta[9,15,2,3]",9,15,2,3,-0.0
delta,"delta[9,15,2,4]",9,15,2,4,-0.0
delta,"delta[9,15,3,1]",9,15,3,1,1.0
delta,"delta[9,15,3,2]",9,15,3,2,1.0
delta,"delta[9,15,3,3]",9,15,3,3,1.0
delta,"delta[10,1,1,1]",10,1,1,1,0.0
delta,"delta[10,1,1,2]",10,1,1,2,0.0
delta,"delta[10,1,1,3]",10,1,1,3,0.0
delta,"delta[10,1,2,1]",10,1,2,1,1.0
delta,"delta[10,1,2,2]",10,1,2,2,1.0
delta,"delta[10,1,2,3]",10,1,2,3,1.0
delta,"delta[10,1,2,4]",10,1,2,4,1.0
delta,"delta[10,1,3,1]",10,1,3,1,0.0
delta,"delta[10,1,3,2]",10,1,3,2,0.0
delta,"delta[10,1,3,3]",10,1,3,3,0.0
delta,"delta[10,2,1,1]",10,2,1,1,1.0
delta,"delta[10,2,1,2]",10,2,1,2,1.0
delta,"delta[10,2,1,3]",10,2,1,3,1.0
delta,"delta[10,2,2,1]",10,2,2,1,1.0
delta,"delta[10,2,2,2]",10,2,2,2,1.0
delta,"delta[10,2,2,3]",10,2,2,3,1.0
delta,"delta[10,2,2,4]",10,2,2,4,1.0
delta,"delta[10,2,3,1]",10,2,3,1,0.0
delta,"delta[10,2,3,2]",10,2,3,2,0.0
delta,"delta[10,2,3,3]",10,2,3,3,0.0
delta,"delta[10,3,1,1]",10,3,1,1,0.0
delta,"delta[10,3,1,2]",10,3,1,2,0.0
delta,"delta[10,3,1,3]",10,3,1,3,0.0
delta,"delta[10,3,2,1]",10,3,2,1,1.0
delta,"delta[10,3,2,2]",10,3,2,2,1.0
delta,"delta[10,3,2,3]",10,3,2,3,1.0
delta,"delta[10,3,2,4]",10,3,2,4,1.0
delta,"delta[10,3,3,1]",10,3,3,1,0.0
delta,"delta[10,3,3,2]",10,3,3,2,0.0
delta,"delta[10,3,3,3]",10,3,3,3,0.0
delta,"delta[10,4,1,1]",10,4,1,1,1.0
delta,"delta[10,4,1,2]",10,4,1,2,1.0
delta,"delta[10,4,1,3]",10,4,1,3,1.0
delta,"delta[10,4,2,1]",10,4,2,1,1.0
delta,"delta[10,4,2,2]",10,4,2,2,1.0
delta,"delta[10,4,2,3]",10,4,2,3,1.0
delta,"delta[10,4,2,4]",10,4,2,4,1.0
delta,"delta[10,4,3,1]",10,4,3,1,0.0
delta,"delta[10,4,3,2]",10,4,3,2,0.0
delta,"delta[10,4,3,3]",10,4,3,3,0.0
delta,"delta[10,5,1,1]",10,5,1,1,1.0
delta,"delta[10,5,1,2]",10,5,1,2,1.0
delta,"delta[10,5,1,3]",10,5,1,3,1.0
delta,"delta[10,5,2,1]",10,5,2,1,1.0
delta,"delta[10,5,2,2]",10,5,2,2,1.0
delta,"delta[10,5,2,3]",10,5,2,3,1.0
delta,"delta[10,5,2,4]",10,5,2,4,1.0
delta,"delta[10,5,3,1]",10,5,3,1,0.0
delta,"delta[10,5,3,2]",10,5,3,2,0.0
delta,"delta[10,5,3,3]",10,5,3,3,0.0
delta,"delta[10,6,1,1]",10,6,1,1,0.0
delta,"delta[10,6,1,2]",10,6,1,2,1.0
delta,"delta[10,6,1,3]",10,6,1,3,0.0
delta,"delta[10,6,2,1]",10,6,2,1,1.0
delta,"delta[10,6,2,2]",10,6,2,2,1.0
delta,"delta[10,6,2,3]",10,6,2,3,1.0
delta,"delta[10,6,2,4]",10,6,2,4,1.0
delta,"delta[10,6,3,1]",10,6,3,1,0.0
delta,"delta[10,6,3,2]",10,6,3,2,0.0
delta,"delta[10,6,3,3]",10,6,3,3,0.0
delta,"delta[10,7,1,1]",10,7,1,1,1.0
delta,"delta[10,7,1,2]",10,7,1,2,1.0
delta,"delta[10,7,1,3]",10,7,1,3,1.0
delta,"delta[10,7,2,1]",10,7,2,1,1.0
delta,"delta[10,7,2,2]",10,7,2,2,1.0
delta,"delta[10,7,2,3]",10,7,2,3,1.0
delta,"delta[10,7,2,4]",10,7,2,4,1.0
delta,"delta[10,7,3,1]",10,7,3,1,0.0
delta,"delta[10,7,3,2]",10,7,3,2,0.0
delta,"delta[10,7,3,3]",10,7,3,3,0.0
delta,"delta[10,8,1,1]",10,8,1,1,1.0
delta,"delta[10,8,1,2]",10,8,1,2,0.0
delta,"delta[10,8,1,3]",10,8,1,3,1.0
delta,"delta[10,8,2,1]",10,8,2,1,1.0
delta,"delta[10,8,2,2]",10,8,2,2,1.0
delta,"delta[10,8,2,3]",10,8,2,3,1.0
delta,"delta[10,8,2,4]",10,8,2,4,1.0
delta,"delta[10,8,3,1]",10,8,3,1,0.0
delta,"delta[10,8,3,2]",10,8,3,2,0.0
delta,"delta[10,8,3,3]",10,8,3,3,0.0
delta,"delta[10,9,1,1]",10,9,1,1,1.0
delta,"delta[10,9,1,2]",10,9,1,2,1.0
delta,"delta[10,9,1,3]",10,9,1,3,1.0
delta,"delta[10,9,2,1]",10,9,2,1,1.0
delta,"delta[10,9,2,2]",10,9,2,2,1.0
delta,"delta[10,9,2,3]",10,9,2,3,0.0
delta,"delta[10,9,2,4]",10,9,2,4,0.0
delta,"delta[10,9,3,1]",10,9,3,1,0.0
delta,"delta[10,9,3,2]",10,9,3,2,0.0
delta,"delta[10,9,3,3]",10,9,3,3,0.0
delta,"delta[10,11,1,1]",10,11,1,1,1.0
delta,"delta[10,11,1,2]",10,11,1,2,1.0
delta,"delta[10,11,1,3]",10,11,1,3,1.0
delta,"delta[10,11,2,1]",10,11,2,1,1.0
delta,"delta[10,11,2,2]",10,11,2,2,1.0
delta,"delta[10,11,2,3]",10,11,2,3,1.0
delta,"delta[10,11,2,4]",10,11,2,4,1.0
delta,"delta[10,11,3,1]",10,11,3,1,0.0
delta,"delta[10,11,3,2]",10,11,3,2,0.0
delta,"delta[10,11,3,3]",10,11,3,3,0.0
delta,"delta[10,12,1,1]",10,12,1,1,-0.0
delta,"delta[10,12,1,2]",10,12,1,2,1.0
delta,"delta[10,12,1,3]",10,12,1,3,1.0
delta,"delta[10,12,2,1]",10,12,2,1,0.0
delta,"delta[10,12,2,2]",10,12,2,2,0.0
delta,"delta[10,12,2,3]",10,12,2,3,0.0
delta,"delta[10,12,2,4]",10,12,2,4,0.0
delta,"delta[10,12,3,1]",10,12,3,1,0.0
delta,"delta[10,12,3,2]",10,12,3,2,0.0
delta,"delta[10,12,3,3]",10,12,3,3,0.0
delta,"delta[10,13,1,1]",10,13,1,1,1.0
delta,"delta[10,13,1,2]",10,13,1,2,0.0
delta,"delta[10,13,1,3]",10,13,1,3,0.0
delta,"delta[10,13,2,1]",10,13,2,1,0.0
delta,"delta[10,13,2,2]",10,13,2,2,0.0
delta,"delta[10,13,2,3]",10,13,2,3,0.0
delta,"delta[10,13,2,4]",10,13,2,4,0.0
delta,"delta[10,13,3,1]",10,13,3,1,0.0
delta,"delta[10,13,3,2]",10,13,3,2,0.0
delta,"delta[10,13,3,3]",10,13,3,3,0.0
delta,"delta[10,14,1,1]",10,14,1,1,0.0
delta,"delta[10,14,1,2]",10,14,1,2,0.0
delta,"delta[10,14,1,3]",10,14,1,3,0.0
delta,"delta[10,14,2,1]",10,14,2,1,1.0
delta,"delta[10,14,2,2]",10,14,2,2,1.0
delta,"delta[10,14,2,3]",10,14,2,3,1.0
delta,"delta[10,14,2,4]",10,14,2,4,1.0
delta,"delta[10,14,3,1]",10,14,3,1,0.0
delta,"delta[10,14,3,2]",10,14,3,2,0.0
delta,"delta[10,14,3,3]",10,14,3,3,0.0
delta,"delta[10,15,1,1]",10,15,1,1,0.0
delta,"delta[10,15,1,2]",10,15,1,2,0.0
delta,"delta[10,15,1,3]",10,15,1,3,0.0
delta,"delta[10,15,2,1]",10,15,2,1,1.0
delta,"delta[10,15,2,2]",10,15,2,2,1.0
delta,"delta[10,15,2,3]",10,15,2,3,1.0
delta,"delta[10,15,2,4]",10,15,2,4,0.0
delta,"delta[10,15,3,1]",10,15,3,1,0.0
delta,"delta[10,15,3,2]",10,15,3,2,0.0
delta,"delta[10,15,3,3]",10,15,3,3,0.0
delta,"delta[11,1,1,1]",11,1,1,1,0.0
delta,"delta[11,1,1,2]",11,1,1,2,0.0
delta,"delta[11,1,1,3]",11,1,1,3,0.0
delta,"delta[11,1,2,1]",11,1,2,1,0.0
delta,"delta[11,1,2,2]",11,1,2,2,0.0
delta,"delta[11,1,2,3]",11,1,2,3,0.0
delta,"delta[11,1,2,4]",11,1,2,4,0.0
delta,"delta[11,1,3,1]",11,1,3,1,1.0
delta,"delta[11,1,3,2]",11,1,3,2,1.0
delta,"delta[11,1,3,3]",11,1,3,3,1.0
delta,"delta[11,2,1,1]",11,2,1,1,0.0
delta,"delta[11,2,1,2]",11,2,1,2,0.0
delta,"delta[11,2,1,3]",11,2,1,3,0.0
delta,"delta[11,2,2,1]",11,2,2,1,0.0
delta,"delta[11,2,2,2]",11,2,2,2,0.0
delta,"delta[11,2,2,3]",11,2,2,3,0.0
delta,"delta[11,2,2,4]",11,2,2,4,0.0
delta,"delta[11,2,3,1]",11,2,3,1,1.0
delta,"delta[11,2,3,2]",11,2,3,2,1.0
delta,"delta[11,2,3,3]",11,2,3,3,1.0
delta,"delta[11,3,1,1]",11,3,1,1,0.0
delta,"delta[11,3,1,2]",11,3,1,2,0.0
delta,"delta[11,3,1,3]",11,3,1,3,0.0
delta,"delta[11,3,2,1]",11,3,2,1,0.0
delta,"delta[11,3,2,2]",11,3,2,2,0.0
delta,"delta[11,3,2,3]",11,3,2,3,0.0
delta,"delta[11,3,2,4]",11,3,2,4,0.0
delta,"delta[11,3,3,1]",11,3,3,1,1.0
delta,"delta[11,3,3,2]",11,3,3,2,1.0
delta,"delta[11,3,3,3]",11,3,3,3,1.0
delta,"delta[11,4,1,1]",11,4,1,1,0.0
delta,"delta[11,4,1,2]",11,4,1,2,0.0
delta,"delta[11,4,1,3]",11,4,1,3,0.0
delta,"delta[11,4,2,1]",11,4,2,1,0.0
delta,"delta[11,4,2,2]",11,4,2,2,0.0
delta,"delta[11,4,2,3]",11,4,2,3,0.0
delta,"delta[11,4,2,4]",11,4,2,4,0.0
delta,"delta[11,4,3,1]",11,4,3,1,0.0
delta,"delta[11,4,3,2]",11,4,3,2,0.0
delta,"delta[11,4,3,3]",11,4,3,3,1.0
delta,"delta[11,5,1,1]",11,5,1,1,0.0
delta,"delta[11,5,1,2]",11,5,1,2,0.0
delta,"delta[11,5,1,3]",11,5,1,3,0.0
delta,"delta[11,5,2,1]",11,5,2,1,0.0
delta,"delta[11,5,2,2]",11,5,2,2,0.0
delta,"delta[11,5,2,3]",11,5,2,3,0.0
delta,"delta[11,5,2,4]",11,5,2,4,0.0
delta,"delta[11,5,3,1]",11,5,3,1,1.0
delta,"delta[11,5,3,2]",11,5,3,2,1.0
delta,"delta[11,5,3,3]",11,5,3,3,1.0
delta,"delta[11,6,1,1]",11,6,1,1,0.0
delta,"delta[11,6,1,2]",11,6,1,2,0.0
delta,"delta[11,6,1,3]",11,6,1,3,0.0
delta,"delta[11,6,2,1]",11,6,2,1,0.0
delta,"delta[11,6,2,2]",11,6,2,2,0.0
delta,"delta[11,6,2,3]",11,6,2,3,0.0
delta,"delta[11,6,2,4]",11,6,2,4,0.0
delta,"delta[11,6,3,1]",11,6,3,1,1.0
delta,"delta[11,6,3,2]",11,6,3,2,1.0
delta,"delta[11,6,3,3]",11,6,3,3,1.0
delta,"delta[11,7,1,1]",11,7,1,1,0.0
delta,"delta[11,7,1,2]",11,7,1,2,0.0
delta,"delta[11,7,1,3]",11,7,1,3,0.0
delta,"delta[11,7,2,1]",11,7,2,1,0.0
delta,"delta[11,7,2,2]",11,7,2,2,0.0
delta,"delta[11,7,2,3]",11,7,2,3,0.0
delta,"delta[11,7,2,4]",11,7,2,4,0.0
delta,"delta[11,7,3,1]",11,7,3,1,0.0
delta,"delta[11,7,3,2]",11,7,3,2,0.0
delta,"delta[11,7,3,3]",11,7,3,3,0.0
delta,"delta[11,8,1,1]",11,8,1,1,0.0
delta,"delta[11,8,1,2]",11,8,1,2,0.0
delta,"delta[11,8,1,3]",11,8,1,3,0.0
delta,"delta[11,8,2,1]",11,8,2,1,0.0
delta,"delta[11,8,2,2]",11,8,2,2,0.0
delta,"delta[11,8,2,3]",11,8,2,3,0.0
delta,"delta[11,8,2,4]",11,8,2,4,0.0
delta,"delta[11,8,3,1]",11,8,3,1,1.0
delta,"delta[11,8,3,2]",11,8,3,2,1.0
delta,"delta[11,8,3,3]",11,8,3,3,1.0
delta,"delta[11,9,1,1]",11,9,1,1,0.0
delta,"delta[11,9,1,2]",11,9,1,2,0.0
delta,"delta[11,9,1,3]",11,9,1,3,0.0
delta,"delta[11,9,2,1]",11,9,2,1,0.0
delta,"delta[11,9,2,2]",11,9,2,2,0.0
delta,"delta[11,9,2,3]",11,9,2,3,0.0
delta,"delta[11,9,2,4]",11,9,2,4,0.0
delta,"delta[11,9,3,1]",11,9,3,1,0.0
delta,"delta[11,9,3,2]",11,9,3,2,1.0
delta,"delta[11,9,3,3]",11,9,3,3,1.0
delta,"delta[11,10,1,1]",11,10,1,1,0.0
delta,"delta[11,10,1,2]",11,10,1,2,0.0
delta,"delta[11,10,1,3]",11,10,1,3,0.0
delta,"delta[11,10,2,1]",11,10,2,1,0.0
delta,"delta[11,10,2,2]",11,10,2,2,0.0
delta,"delta[11,10,2,3]",11,10,2,3,0.0
delta,"delta[11,10,2,4]",11,10,2,4,0.0
delta,"delta[11,10,3,1]",11,10,3,1,1.0
delta,"delta[11,10,3,2]",11,10,3,2,1.0
delta,"delta[11,10,3,3]",11,10,3,3,1.0
delta,"delta[11,12,1,1]",11,12,1,1,0.0
delta,"delta[11,12,1,2]",11,12,1,2,0.0
delta,"delta[11,12,1,3]",11,12,1,3,0.0
delta,"delta[11,12,2,1]",11,12,2,1,0.0
delta,"delta[11,12,2,2]",11,12,2,2,0.0
delta,"delta[11,12,2,3]",11,12,2,3,0.0
delta,"delta[11,12,2,4]",11,12,2,4,0.0
delta,"delta[11,12,3,1]",11,12,3,1,1.0
delta,"delta[11,12,3,2]",11,12,3,2,1.0
delta,"delta[11,12,3,3]",11,12,3,3,1.0
delta,"delta[11,13,1,1]",11,13,1,1,0.0
delta,"delta[11,13,1,2]",11,13,1,2,0.0
delta,"delta[11,13,1,3]",11,13,1,3,0.0
delta,"delta[11,13,2,1]",11,13,2,1,0.0
delta,"delta[11,13,2,2]",11,13,2,2,0.0
delta,"delta[11,13,2,3]",11,13,2,3,0.0
delta,"delta[11,13,2,4]",11,13,2,4,0.0
delta,"delta[11,13,3,1]",11,13,3,1,-0.0
delta,"delta[11,13,3,2]",11,13,3,2,-0.0
delta,"delta[11,13,3,3]",11,13,3,3,0.0
delta,"delta[11,14,1,1]",11,14,1,1,0.0
delta,"delta[11,14,1,2]",11,14,1,2,0.0
delta,"delta[11,14,1,3]",11,14,1,3,0.0
delta,"delta[11,14,2,1]",11,14,2,1,0.0
delta,"delta[11,14,2,2]",11,14,2,2,0.0
delta,"delta[11,14,2,3]",11,14,2,3,0.0
delta,"delta[11,14,2,4]",11,14,2,4,0.0
delta,"delta[11,14,3,1]",11,14,3,1,-0.0
delta,"delta[11,14,3,2]",11,14,3,2,-0.0
delta,"delta[11,14,3,3]",11,14,3,3,-0.0
delta,"delta[11,15,1,1]",11,15,1,1,0.0
delta,"delta[11,15,1,2]",11,15,1,2,0.0
delta,"delta[11,15,1,3]",11,15,1,3,0.0
delta,"delta[11,15,2,1]",11,15,2,1,0.0
delta,"delta[11,15,2,2]",11,15,2,2,0.0
delta,"delta[11,15,2,3]",11,15,2,3,0.0
delta,"delta[11,15,2,4]",11,15,2,4,0.0
delta,"delta[11,15,3,1]",11,15,3,1,1.0
delta,"delta[11,15,3,2]",11,15,3,2,1.0
delta,"delta[11,15,3,3]",11,15,3,3,1.0
delta,"delta[12,1,1,1]",12,1,1,1,1.0
delta,"delta[12,1,1,2]",12,1,1,2,1.0
delta,"delta[12,1,1,3]",12,1,1,3,1.0
delta,"delta[12,1,2,1]",12,1,2,1,1.0
delta,"delta[12,1,2,2]",12,1,2,2,1.0
delta,"delta[12,1,2,3]",12,1,2,3,1.0
delta,"delta[12,1,2,4]",12,1,2,4,1.0
delta,"delta[12,1,3,1]",12,1,3,1,1.0
delta,"delta[12,1,3,2]",12,1,3,2,1.0
delta,"delta[12,1,3,3]",12,1,3,3,1.0
delta,"delta[12,2,1,1]",12,2,1,1,1.0
delta,"delta[12,2,1,2]",12,2,1,2,1.0
delta,"delta[12,2,1,3]",12,2,1,3,1.0
delta,"delta[12,2,2,1]",12,2,2,1,1.0
delta,"delta[12,2,2,2]",12,2,2,2,1.0
delta,"delta[12,2,2,3]",12,2,2,3,1.0
delta,"delta[12,2,2,4]",12,2,2,4,1.0
delta,"delta[12,2,3,1]",12,2,3,1,0.0
delta,"delta[12,2,3,2]",12,2,3,2,0.0
delta,"delta[12,2,3,3]",12,2,3,3,0.0
delta,"delta[12,3,1,1]",12,3,1,1,1.0
delta,"delta[12,3,1,2]",12,3,1,2,1.0
delta,"delta[12,3,1,3]",12,3,1,3,1.0
delta,"delta[12,3,2,1]",12,3,2,1,1.0
delta,"delta[12,3,2,2]",12,3,2,2,1.0
delta,"delta[12,3,2,3]",12,3,2,3,1.0
delta,"delta[12,3,2,4]",12,3,2,4,1.0
delta,"delta[12,3,3,1]",12,3,3,1,1.0
delta,"delta[12,3,3,2]",12,3,3,2,1.0
delta,"delta[12,3,3,3]",12,3,3,3,1.0
delta,"delta[12,4,1,1]",12,4,1,1,1.0
delta,"delta[12,4,1,2]",12,4,1,2,1.0
delta,"delta[12,4,1,3]",12,4,1,3,1.0
delta,"delta[12,4,2,1]",12,4,2,1,1.0
delta,"delta[12,4,2,2]",12,4,2,2,1.0
delta,"delta[12,4,2,3]",12,4,2,3,1.0
delta,"delta[12,4,2,4]",12,4,2,4,1.0
delta,"delta[12,4,3,1]",12,4,3,1,0.0
delta,"delta[12,4,3,2]",12,4,3,2,0.0
delta,"delta[12,4,3,3]",12,4,3,3,0.0
delta,"delta[12,5,1,1]",12,5,1,1,1.0
delta,"delta[12,5,1,2]",12,5,1,2,1.0
delta,"delta[12,5,1,3]",12,5,1,3,1.0
delta,"delta[12,5,2,1]",12,5,2,1,1.0
delta,"delta[12,5,2,2]",12,5,2,2,1.0
delta,"delta[12,5,2,3]",12,5,2,3,1.0
delta,"delta[12,5,2,4]",12,5,2,4,1.0
delta,"delta[12,5,3,1]",12,5,3,1,1.0
delta,"delta[12,5,3,2]",12,5,3,2,1.0
delta,"delta[12,5,3,3]",12,5,3,3,1.0
delta,"delta[12,6,1,1]",12,6,1,1,1.0
delta,"delta[12,6,1,2]",12,6,1,2,1.0
delta,"delta[12,6,1,3]",12,6,1,3,1.0
delta,"delta[12,6,2,1]",12,6,2,1,1.0
delta,"delta[12,6,2,2]",12,6,2,2,1.0
delta,"delta[12,6,2,3]",12,6,2,3,1.0
delta,"delta[12,6,2,4]",12,6,2,4,1.0
delta,"delta[12,6,3,1]",12,6,3,1,1.0
delta,"delta[12,6,3,2]",12,6,3,2,1.0
delta,"delta[12,6,3,3]",12,6,3,3,1.0
delta,"delta[12,7,1,1]",12,7,1,1,1.0
delta,"delta[12,7,1,2]",12,7,1,2,1.0
delta,"delta[12,7,1,3]",12,7,1,3,1.0
delta,"delta[12,7,2,1]",12,7,2,1,1.0
delta,"delta[12,7,2,2]",12,7,2,2,1.0
delta,"delta[12,7,2,3]",12,7,2,3,1.0
delta,"delta[12,7,2,4]",12,7,2,4,1.0
delta,"delta[12,7,3,1]",12,7,3,1,0.0
delta,"delta[12,7,3,2]",12,7,3,2,0.0
delta,"delta[12,7,3,3]",12,7,3,3,0.0
delta,"delta[12,8,1,1]",12,8,1,1,1.0
delta,"delta[12,8,1,2]",12,8,1,2,1.0
delta,"delta[12,8,1,3]",12,8,1,3,1.0
delta,"delta[12,8,2,1]",12,8,2,1,1.0
delta,"delta[12,8,2,2]",12,8,2,2,1.0
delta,"delta[12,8,2,3]",12,8,2,3,1.0
delta,"delta[12,8,2,4]",12,8,2,4,1.0
delta,"delta[12,8,3,1]",12,8,3,1,1.0
delta,"delta[12,8,3,2]",12,8,3,2,1.0
delta,"delta[12,8,3,3]",12,8,3,3,1.0
delta,"delta[12,9,1,1]",12,9,1,1,1.0
delta,"delta[12,9,1,2]",12,9,1,2,1.0
delta,"delta[12,9,1,3]",12,9,1,3,1.0
delta,"delta[12,9,2,1]",12,9,2,1,1.0
delta,"delta[12,9,2,2]",12,9,2,2,1.0
delta,"delta[12,9,2,3]",12,9,2,3,1.0
delta,"delta[12,9,2,4]",12,9,2,4,1.0
delta,"delta[12,9,3,1]",12,9,3,1,1.0
delta,"delta[12,9,3,2]",12,9,3,2,1.0
delta,"delta[12,9,3,3]",12,9,3,3,1.0
delta,"delta[12,10,1,1]",12,10,1,1,1.0
delta,"delta[12,10,1,2]",12,10,1,2,0.0
delta,"delta[12,10,1,3]",12,10,1,3,0.0
delta,"delta[12,10,2,1]",12,10,2,1,1.0
delta,"delta[12,10,2,2]",12,10,2,2,1.0
delta,"delta[12,10,2,3]",12,10,2,3,1.0
delta,"delta[12,10,2,4]",12,10,2,4,1.0
delta,"delta[12,10,3,1]",12,10,3,1,1.0
delta,"delta[12,10,3,2]",12,10,3,2,1.0
delta,"delta[12,10,3,3]",12,10,3,3,1.0
delta,"delta[12,11,1,1]",12,11,1,1,1.0
delta,"delta[12,11,1,2]",12,11,1,2,1.0
delta,"delta[12,11,1,3]",12,11,1,3,1.0
delta,"delta[12,11,2,1]",12,11,2,1,1.0
delta,"delta[12,11,2,2]",12,11,2,2,1.0
delta,"delta[12,11,2,3]",12,11,2,3,1.0
delta,"delta[12,11,2,4]",12,11,2,4,1.0
delta,"delta[12,11,3,1]",12,11,3,1,0.0
delta,"delta[12,11,3,2]",12,11,3,2,0.0
delta,"delta[12,11,3,3]",12,11,3,3,0.0
delta,"delta[12,13,1,1]",12,13,1,1,0.0
delta,"delta[12,13,1,2]",12,13,1,2,0.0
delta,"delta[12,13,1,3]",12,13,1,3,0.0
delta,"delta[12,13,2,1]",12,13,2,1,0.0
delta,"delta[12,13,2,2]",12,13,2,2,0.0
delta,"delta[12,13,2,3]",12,13,2,3,0.0
delta,"delta[12,13,2,4]",12,13,2,4,0.0
delta,"delta[12,13,3,1]",12,13,3,1,1.0
delta,"delta[12,13,3,2]",12,13,3,2,1.0
delta,"delta[12,13,3,3]",12,13,3,3,1.0
delta,"delta[12,14,1,1]",12,14,1,1,1.0
delta,"delta[12,14,1,2]",12,14,1,2,1.0
delta,"delta[12,14,1,3]",12,14,1,3,1.0
delta,"delta[12,14,2,1]",12,14,2,1,0.0
delta,"delta[12,14,2,2]",12,14,2,2,0.0
delta,"delta[12,14,2,3]",12,14,2,3,0.0
delta,"delta[12,14,2,4]",12,14,2,4,0.0
delta,"delta[12,14,3,1]",12,14,3,1,1.0
delta,"delta[12,14,3,2]",12,14,3,2,1.0
delta,"delta[12,14,3,3]",12,14,3,3,1.0
delta,"delta[12,15,1,1]",12,15,1,1,0.0
delta,"delta[12,15,1,2]",12,15,1,2,0.0
delta,"delta[12,15,1,3]",12,15,1,3,1.0
delta,"delta[12,15,2,1]",12,15,2,1,0.0
delta,"delta[12,15,2,2]",12,15,2,2,0.0
delta,"delta[12,15,2,3]",12,15,2,3,0.0
delta,"delta[12,15,2,4]",12,15,2,4,0.0
delta,"delta[12,15,3,1]",12,15,3,1,1.0
delta,"delta[12,15,3,2]",12,15,3,2,1.0
delta,"delta[12,15,3,3]",12,15,3,3,1.0
delta,"delta[13,1,1,1]",13,1,1,1,1.0
delta,"delta[13,1,1,2]",13,1,1,2,0.0
delta,"delta[13,1,1,3]",13,1,1,3,0.0
delta,"delta[13,1,2,1]",13,1,2,1,1.0
delta,"delta[13,1,2,2]",13,1,2,2,1.0
delta,"delta[13,1,2,3]",13,1,2,3,1.0
delta,"delta[13,1,2,4]",13,1,2,4,1.0
delta,"delta[13,1,3,1]",13,1,3,1,1.0
delta,"delta[13,1,3,2]",13,1,3,2,1.0
delta,"delta[13,1,3,3]",13,1,3,3,1.0
delta,"delta[13,2,1,1]",13,2,1,1,1.0
delta,"delta[13,2,1,2]",13,2,1,2,1.0
delta,"delta[13,2,1,3]",13,2,1,3,1.0
delta,"delta[13,2,2,1]",13,2,2,1,1.0
delta,"delta[13,2,2,2]",13,2,2,2,1.0
delta,"delta[13,2,2,3]",13,2,2,3,1.0
delta,"delta[13,2,2,4]",13,2,2,4,1.0
delta,"delta[13,2,3,1]",13,2,3,1,1.0
delta,"delta[13,2,3,2]",13,2,3,2,1.0
delta,"delta[13,2,3,3]",13,2,3,3,1.0
delta,"delta[13,3,1,1]",13,3,1,1,1.0
delta,"delta[13,3,1,2]",13,3,1,2,0.0
delta,"delta[13,3,1,3]",13,3,1,3,1.0
delta,"delta[13,3,2,1]",13,3,2,1,1.0
delta,"delta[13,3,2,2]",13,3,2,2,1.0
delta,"delta[13,3,2,3]",13,3,2,3,1.0
delta,"delta[13,3,2,4]",13,3,2,4,1.0
delta,"delta[13,3,3,1]",13,3,3,1,1.0
delta,"delta[13,3,3,2]",13,3,3,2,1.0
delta,"delta[13,3,3,3]",13,3,3,3,1.0
delta,"delta[13,4,1,1]",13,4,1,1,1.0
delta,"delta[13,4,1,2]",13,4,1,2,1.0
delta,"delta[13,4,1,3]",13,4,1,3,1.0
delta,"delta[13,4,2,1]",13,4,2,1,1.0
delta,"delta[13,4,2,2]",13,4,2,2,1.0
delta,"delta[13,4,2,3]",13,4,2,3,1.0
delta,"delta[13,4,2,4]",13,4,2,4,1.0
delta,"delta[13,4,3,1]",13,4,3,1,0.0
delta,"delta[13,4,3,2]",13,4,3,2,0.0
delta,"delta[13,4,3,3]",13,4,3,3,0.0
delta,"delta[13,5,1,1]",13,5,1,1,1.0
delta,"delta[13,5,1,2]",13,5,1,2,1.0
delta,"delta[13,5,1,3]",13,5,1,3,1.0
delta,"delta[13,5,2,1]",13,5,2,1,1.0
delta,"delta[13,5,2,2]",13,5,2,2,1.0
delta,"delta[13,5,2,3]",13,5,2,3,1.0
delta,"delta[13,5,2,4]",13,5,2,4,1.0
delta,"delta[13,5,3,1]",13,5,3,1,0.0
delta,"delta[13,5,3,2]",13,5,3,2,0.0
delta,"delta[13,5,3,3]",13,5,3,3,1.0
delta,"delta[13,6,1,1]",13,6,1,1,1.0
delta,"delta[13,6,1,2]",13,6,1,2,1.0
delta,"delta[13,6,1,3]",13,6,1,3,1.0
delta,"delta[13,6,2,1]",13,6,2,1,1.0
delta,"delta[13,6,2,2]",13,6,2,2,1.0
delta,"delta[13,6,2,3]",13,6,2,3,1.0
delta,"delta[13,6,2,4]",13,6,2,4,1.0
delta,"delta[13,6,3,1]",13,6,3,1,1.0
delta,"delta[13,6,3,2]",13,6,3,2,1.0
delta,"delta[13,6,3,3]",13,6,3,3,1.0
delta,"delta[13,7,1,1]",13,7,1,1,1.0
delta,"delta[13,7,1,2]",13,7,1,2,1.0
delta,"delta[13,7,1,3]",13,7,1,3,1.0
delta,"delta[13,7,2,1]",13,7,2,1,1.0
delta,"delta[13,7,2,2]",13,7,2,2,1.0
delta,"delta[13,7,2,3]",13,7,2,3,1.0
delta,"delta[13,7,2,4]",13,7,2,4,1.0
delta,"delta[13,7,3,1]",13,7,3,1,1.0
delta,"delta[13,7,3,2]",13,7,3,2,1.0
delta,"delta[13,7,3,3]",13,7,3,3,1.0
delta,"delta[13,8,1,1]",13,8,1,1,1.0
delta,"delta[13,8,1,2]",13,8,1,2,1.0
delta,"delta[13,8,1,3]",13,8,1,3,1.0
delta,"delta[13,8,2,1]",13,8,2,1,1.0
delta,"delta[13,8,2,2]",13,8,2,2,1.0
delta,"delta[13,8,2,3]",13,8,2,3,1.0
delta,"delta[13,8,2,4]",13,8,2,4,1.0
delta,"delta[13,8,3,1]",13,8,3,1,1.0
delta,"delta[13,8,3,2]",13,8,3,2,1.0
delta,"delta[13,8,3,3]",13,8,3,3,1.0
delta,"delta[13,9,1,1]",13,9,1,1,1.0
delta,"delta[13,9,1,2]",13,9,1,2,1.0
delta,"delta[13,9,1,3]",13,9,1,3,1.0
delta,"delta[13,9,2,1]",13,9,2,1,1.0
delta,"delta[13,9,2,2]",13,9,2,2,1.0
delta,"delta[13,9,2,3]",13,9,2,3,1.0
delta,"delta[13,9,2,4]",13,9,2,4,1.0
delta,"delta[13,9,3,1]",13,9,3,1,1.0
delta,"delta[13,9,3,2]",13,9,3,2,1.0
delta,"delta[13,9,3,3]",13,9,3,3,1.0
delta,"delta[13,10,1,1]",13,10,1,1,0.0
delta,"delta[13,10,1,2]",13,10,1,2,1.0
delta,"delta[13,10,1,3]",13,10,1,3,1.0
delta,"delta[13,10,2,1]",13,10,2,1,1.0
delta,"delta[13,10,2,2]",13,10,2,2,1.0
delta,"delta[13,10,2,3]",13,10,2,3,1.0
delta,"delta[13,10,2,4]",13,10,2,4,1.0
delta,"delta[13,10,3,1]",13,10,3,1,1.0
delta,"delta[13,10,3,2]",13,10,3,2,1.0
delta,"delta[13,10,3,3]",13,10,3,3,1.0
delta,"delta[13,11,1,1]",13,11,1,1,1.0
delta,"delta[13,11,1,2]",13,11,1,2,1.0
delta,"delta[13,11,1,3]",13,11,1,3,1.0
delta,"delta[13,11,2,1]",13,11,2,1,1.0
delta,"delta[13,11,2,2]",13,11,2,2,1.0
delta,"delta[13,11,2,3]",13,11,2,3,1.0
delta,"delta[13,11,2,4]",13,11,2,4,1.0
delta,"delta[13,11,3,1]",13,11,3,1,1.0
delta,"delta[13,11,3,2]",13,11,3,2,1.0
delta,"delta[13,11,3,3]",13,11,3,3,1.0
delta,"delta[13,12,1,1]",13,12,1,1,1.0
delta,"delta[13,12,1,2]",13,12,1,2,1.0
delta,"delta[13,12,1,3]",13,12,1,3,1.0
delta,"delta[13,12,2,1]",13,12,2,1,1.0
delta,"delta[13,12,2,2]",13,12,2,2,1.0
delta,"delta[13,12,2,3]",13,12,2,3,1.0
delta,"delta[13,12,2,4]",13,12,2,4,1.0
delta,"delta[13,12,3,1]",13,12,3,1,0.0
delta,"delta[13,12,3,2]",13,12,3,2,0.0
delta,"delta[13,12,3,3]",13,12,3,3,0.0
delta,"delta[13,14,1,1]",13,14,1,1,1.0
delta,"delta[13,14,1,2]",13,14,1,2,1.0
delta,"delta[13,14,1,3]",13,14,1,3,0.0
delta,"delta[13,14,2,1]",13,14,2,1,0.0
delta,"delta[13,14,2,2]",13,14,2,2,0.0
delta,"delta[13,14,2,3]",13,14,2,3,0.0
delta,"delta[13,14,2,4]",13,14,2,4,0.0
delta,"delta[13,14,3,1]",13,14,3,1,1.0
delta,"delta[13,14,3,2]",13,14,3,2,1.0
delta,"delta[13,14,3,3]",13,14,3,3,1.0
delta,"delta[13,15,1,1]",13,15,1,1,0.0
delta,"delta[13,15,1,2]",13,15,1,2,0.0
delta,"delta[13,15,1,3]",13,15,1,3,0.0
delta,"delta[13,15,2,1]",13,15,2,1,0.0
delta,"delta[13,15,2,2]",13,15,2,2,0.0
delta,"delta[13,15,2,3]",13,15,2,3,0.0
delta,"delta[13,15,2,4]",13,15,2,4,0.0
delta,"delta[13,15,3,1]",13,15,3,1,1.0
delta,"delta[13,15,3,2]",13,15,3,2,1.0
delta,"delta[13,15,3,3]",13,15,3,3,1.0
delta,"delta[14,1,1,1]",14,1,1,1,0.0
delta,"delta[14,1,1,2]",14,1,1,2,0.0
delta,"delta[14,1,1,3]",14,1,1,3,0.0
delta,"delta[14,1,2,1]",14,1,2,1,1.0
delta,"delta[14,1,2,2]",14,1,2,2,1.0
delta,"delta[14,1,2,3]",14,1,2,3,1.0
delta,"delta[14,1,2,4]",14,1,2,4,1.0
delta,"delta[14,1,3,1]",14,1,3,1,1.0
delta,"delta[14,1,3,2]",14,1,3,2,1.0
delta,"delta[14,1,3,3]",14,1,3,3,1.0
delta,"delta[14,2,1,1]",14,2,1,1,1.0
delta,"delta[14,2,1,2]",14,2,1,2,1.0
delta,"delta[14,2,1,3]",14,2,1,3,1.0
delta,"delta[14,2,2,1]",14,2,2,1,1.0
delta,"delta[14,2,2,2]",14,2,2,2,1.0
delta,"delta[14,2,2,3]",14,2,2,3,1.0
delta,"delta[14,2,2,4]",14,2,2,4,1.0
delta,"delta[14,2,3,1]",14,2,3,1,0.0
delta,"delta[14,2,3,2]",14,2,3,2,0.0
delta,"delta[14,2,3,3]",14,2,3,3,1.0
delta,"delta[14,3,1,1]",14,3,1,1,0.0
delta,"delta[14,3,1,2]",14,3,1,2,0.0
delta,"delta[14,3,1,3]",14,3,1,3,1.0
delta,"delta[14,3,2,1]",14,3,2,1,1.0
delta,"delta[14,3,2,2]",14,3,2,2,1.0
delta,"delta[14,3,2,3]",14,3,2,3,1.0
delta,"delta[14,3,2,4]",14,3,2,4,1.0
delta,"delta[14,3,3,1]",14,3,3,1,1.0
delta,"delta[14,3,3,2]",14,3,3,2,1.0
delta,"delta[14,3,3,3]",14,3,3,3,1.0
delta,"delta[14,4,1,1]",14,4,1,1,0.0
delta,"delta[14,4,1,2]",14,4,1,2,0.0
delta,"delta[14,4,1,3]",14,4,1,3,0.0
delta,"delta[14,4,2,1]",14,4,2,1,1.0
delta,"delta[14,4,2,2]",14,4,2,2,1.0
delta,"delta[14,4,2,3]",14,4,2,3,1.0
delta,"delta[14,4,2,4]",14,4,2,4,1.0
delta,"delta[14,4,3,1]",14,4,3,1,1.0
delta,"delta[14,4,3,2]",14,4,3,2,1.0
delta,"delta[14,4,3,3]",14,4,3,3,1.0
delta,"delta[14,5,1,1]",14,5,1,1,1.0
delta,"delta[14,5,1,2]",14,5,1,2,1.0
delta,"delta[14,5,1,3]",14,5,1,3,1.0
delta,"delta[14,5,2,1]",14,5,2,1,1.0
delta,"delta[14,5,2,2]",14,5,2,2,1.0
delta,"delta[14,5,2,3]",14,5,2,3,1.0
delta,"delta[14,5,2,4]",14,5,2,4,1.0
delta,"delta[14,5,3,1]",14,5,3,1,1.0
delta,"delta[14,5,3,2]",14,5,3,2,0.0
delta,"delta[14,5,3,3]",14,5,3,3,1.0
delta,"delta[14,6,1,1]",14,6,1,1,0.0
delta,"delta[14,6,1,2]",14,6,1,2,0.0
delta,"delta[14,6,1,3]",14,6,1,3,0.0
delta,"delta[14,6,2,1]",14,6,2,1,0.0
delta,"delta[14,6,2,2]",14,6,2,2,0.0
delta,"delta[14,6,2,3]",14,6,2,3,0.0
delta,"delta[14,6,2,4]",14,6,2,4,0.0
delta,"delta[14,6,3,1]",14,6,3,1,1.0
delta,"delta[14,6,3,2]",14,6,3,2,1.0
delta,"delta[14,6,3,3]",14,6,3,3,1.0
delta,"delta[14,7,1,1]",14,7,1,1,1.0
delta,"delta[14,7,1,2]",14,7,1,2,1.0
delta,"delta[14,7,1,3]",14,7,1,3,1.0
delta,"delta[14,7,2,1]",14,7,2,1,0.0
delta,"delta[14,7,2,2]",14,7,2,2,1.0
delta,"delta[14,7,2,3]",14,7,2,3,0.0
delta,"delta[14,7,2,4]",14,7,2,4,0.0
delta,"delta[14,7,3,1]",14,7,3,1,1.0
delta,"delta[14,7,3,2]",14,7,3,2,0.0
delta,"delta[14,7,3,3]",14,7,3,3,0.0
delta,"delta[14,8,1,1]",14,8,1,1,0.0
delta,"delta[14,8,1,2]",14,8,1,2,0.0
delta,"delta[14,8,1,3]",14,8,1,3,1.0
delta,"delta[14,8,2,1]",14,8,2,1,1.0
delta,"delta[14,8,2,2]",14,8,2,2,1.0
delta,"delta[14,8,2,3]",14,8,2,3,1.0
delta,"delta[14,8,2,4]",14,8,2,4,1.0
delta,"delta[14,8,3,1]",14,8,3,1,1.0
delta,"delta[14,8,3,2]",14,8,3,2,1.0
delta,"delta[14,8,3,3]",14,8,3,3,1.0
delta,"delta[14,9,1,1]",14,9,1,1,1.0
delta,"delta[14,9,1,2]",14,9,1,2,1.0
delta,"delta[14,9,1,3]",14,9,1,3,1.0
delta,"delta[14,9,2,1]",14,9,2,1,0.0
delta,"delta[14,9,2,2]",14,9,2,2,0.0
delta,"delta[14,9,2,3]",14,9,2,3,0.0
delta,"delta[14,9,2,4]",14,9,2,4,0.0
delta,"delta[14,9,3,1]",14,9,3,1,1.0
delta,"delta[14,9,3,2]",14,9,3,2,1.0
delta,"delta[14,9,3,3]",14,9,3,3,1.0
delta,"delta[14,10,1,1]",14,10,1,1,1.0
delta,"delta[14,10,1,2]",14,10,1,2,1.0
delta,"delta[14,10,1,3]",14,10,1,3,1.0
delta,"delta[14,10,2,1]",14,10,2,1,0.0
delta,"delta[14,10,2,2]",14,10,2,2,0.0
delta,"delta[14,10,2,3]",14,10,2,3,0.0
delta,"delta[14,10,2,4]",14,10,2,4,0.0
delta,"delta[14,10,3,1]",14,10,3,1,1.0
delta,"delta[14,10,3,2]",14,10,3,2,1.0
delta,"delta[14,10,3,3]",14,10,3,3,1.0
delta,"delta[14,11,1,1]",14,11,1,1,1.0
delta,"delta[14,11,1,2]",14,11,1,2,1.0
delta,"delta[14,11,1,3]",14,11,1,3,1.0
delta,"delta[14,11,2,1]",14,11,2,1,1.0
delta,"delta[14,11,2,2]",14,11,2,2,1.0
delta,"delta[14,11,2,3]",14,11,2,3,1.0
delta,"delta[14,11,2,4]",14,11,2,4,1.0
delta,"delta[14,11,3,1]",14,11,3,1,1.0
delta,"delta[14,11,3,2]",14,11,3,2,1.0
delta,"delta[14,11,3,3]",14,11,3,3,1.0
delta,"delta[14,12,1,1]",14,12,1,1,0.0
delta,"delta[14,12,1,2]",14,12,1,2,0.0
delta,"delta[14,12,1,3]",14,12,1,3,0.0
delta,"delta[14,12,2,1]",14,12,2,1,1.0
delta,"delta[14,12,2,2]",14,12,2,2,1.0
delta,"delta[14,12,2,3]",14,12,2,3,1.0
delta,"delta[14,12,2,4]",14,12,2,4,1.0
delta,"delta[14,12,3,1]",14,12,3,1,0.0
delta,"delta[14,12,3,2]",14,12,3,2,0.0
delta,"delta[14,12,3,3]",14,12,3,3,0.0
delta,"delta[14,13,1,1]",14,13,1,1,0.0
delta,"delta[14,13,1,2]",14,13,1,2,0.0
delta,"delta[14,13,1,3]",14,13,1,3,1.0
delta,"delta[14,13,2,1]",14,13,2,1,1.0
delta,"delta[14,13,2,2]",14,13,2,2,1.0
delta,"delta[14,13,2,3]",14,13,2,3,1.0
delta,"delta[14,13,2,4]",14,13,2,4,1.0
delta,"delta[14,13,3,1]",14,13,3,1,0.0
delta,"delta[14,13,3,2]",14,13,3,2,0.0
delta,"delta[14,13,3,3]",14,13,3,3,0.0
delta,"delta[14,15,1,1]",14,15,1,1,0.0
delta,"delta[14,15,1,2]",14,15,1,2,0.0
delta,"delta[14,15,1,3]",14,15,1,3,0.0
delta,"delta[14,15,2,1]",14,15,2,1,0.0
delta,"delta[14,15,2,2]",14,15,2,2,0.0
delta,"delta[14,15,2,3]",14,15,2,3,0.0
delta,"delta[14,15,2,4]",14,15,2,4,-0.0
delta,"delta[14,15,3,1]",14,15,3,1,1.0
delta,"delta[14,15,3,2]",14,15,3,2,1.0
delta,"delta[14,15,3,3]",14,15,3,3,1.0
delta,"delta[15,1,1,1]",15,1,1,1,1.0
delta,"delta[15,1,1,2]",15,1,1,2,1.0
delta,"delta[15,1,1,3]",15,1,1,3,1.0
delta,"delta[15,1,2,1]",15,1,2,1,1.0
delta,"delta[15,1,2,2]",15,1,2,2,1.0
delta,"delta[15,1,2,3]",15,1,2,3,1.0
delta,"delta[15,1,2,4]",15,1,2,4,1.0
delta,"delta[15,1,3,1]",15,1,3,1,0.0
delta,"delta[15,1,3,2]",15,1,3,2,0.0
delta,"delta[15,1,3,3]",15,1,3,3,0.0
delta,"delta[15,2,1,1]",15,2,1,1,1.0
delta,"delta[15,2,1,2]",15,2,1,2,1.0
delta,"delta[15,2,1,3]",15,2,1,3,1.0
delta,"delta[15,2,2,1]",15,2,2,1,1.0
delta,"delta[15,2,2,2]",15,2,2,2,1.0
delta,"delta[15,2,2,3]",15,2,2,3,1.0
delta,"delta[15,2,2,4]",15,2,2,4,1.0
delta,"delta[15,2,3,1]",15,2,3,1,0.0
delta,"delta[15,2,3,2]",15,2,3,2,0.0
delta,"delta[15,2,3,3]",15,2,3,3,0.0
delta,"delta[15,3,1,1]",15,3,1,1,1.0
delta,"delta[15,3,1,2]",15,3,1,2,1.0
delta,"delta[15,3,1,3]",15,3,1,3,1.0
delta,"delta[15,3,2,1]",15,3,2,1,1.0
delta,"delta[15,3,2,2]",15,3,2,2,1.0
delta,"delta[15,3,2,3]",15,3,2,3,1.0
delta,"delta[15,3,2,4]",15,3,2,4,1.0
delta,"delta[15,3,3,1]",15,3,3,1,0.0
delta,"delta[15,3,3,2]",15,3,3,2,0.0
delta,"delta[15,3,3,3]",15,3,3,3,0.0
delta,"delta[15,4,1,1]",15,4,1,1,1.0
delta,"delta[15,4,1,2]",15,4,1,2,1.0
delta,"delta[15,4,1,3]",15,4,1,3,1.0
delta,"delta[15,4,2,1]",15,4,2,1,1.0
delta,"delta[15,4,2,2]",15,4,2,2,1.0
delta,"delta[15,4,2,3]",15,4,2,3,1.0
delta,"delta[15,4,2,4]",15,4,2,4,1.0
delta,"delta[15,4,3,1]",15,4,3,1,0.0
delta,"delta[15,4,3,2]",15,4,3,2,0.0
delta,"delta[15,4,3,3]",15,4,3,3,0.0
delta,"delta[15,5,1,1]",15,5,1,1,1.0
delta,"delta[15,5,1,2]",15,5,1,2,1.0
delta,"delta[15,5,1,3]",15,5,1,3,1.0
delta,"delta[15,5,2,1]",15,5,2,1,1.0
delta,"delta[15,5,2,2]",15,5,2,2,1.0
delta,"delta[15,5,2,3]",15,5,2,3,1.0
delta,"delta[15,5,2,4]",15,5,2,4,1.0
delta,"delta[15,5,3,1]",15,5,3,1,0.0
delta,"delta[15,5,3,2]",15,5,3,2,0.0
delta,"delta[15,5,3,3]",15,5,3,3,0.0
delta,"delta[15,6,1,1]",15,6,1,1,1.0
delta,"delta[15,6,1,2]",15,6,1,2,1.0
delta,"delta[15,6,1,3]",15,6,1,3,1.0
delta,"delta[15,6,2,1]",15,6,2,1,0.0
delta,"delta[15,6,2,2]",15,6,2,2,0.0
delta,"delta[15,6,2,3]",15,6,2,3,0.0
delta,"delta[15,6,2,4]",15,6,2,4,1.0
delta,"delta[15,6,3,1]",15,6,3,1,0.0
delta,"delta[15,6,3,2]",15,6,3,2,0.0
delta,"delta[15,6,3,3]",15,6,3,3,0.0
delta,"delta[15,7,1,1]",15,7,1,1,1.0
delta,"delta[15,7,1,2]",15,7,1,2,1.0
delta,"delta[15,7,1,3]",15,7,1,3,1.0
delta,"delta[15,7,2,1]",15,7,2,1,1.0
delta,"delta[15,7,2,2]",15,7,2,2,1.0
delta,"delta[15,7,2,3]",15,7,2,3,1.0
delta,"delta[15,7,2,4]",15,7,2,4,1.0
delta,"delta[15,7,3,1]",15,7,3,1,0.0
delta,"delta[15,7,3,2]",15,7,3,2,0.0
delta,"delta[15,7,3,3]",15,7,3,3,0.0
delta,"delta[15,8,1,1]",15,8,1,1,1.0
delta,"delta[15,8,1,2]",15,8,1,2,1.0
delta,"delta[15,8,1,3]",15,8,1,3,1.0
delta,"delta[15,8,2,1]",15,8,2,1,1.0
delta,"delta[15,8,2,2]",15,8,2,2,1.0
delta,"delta[15,8,2,3]",15,8,2,3,1.0
delta,"delta[15,8,2,4]",15,8,2,4,1.0
delta,"delta[15,8,3,1]",15,8,3,1,0.0
delta,"delta[15,8,3,2]",15,8,3,2,0.0
delta,"delta[15,8,3,3]",15,8,3,3,0.0
delta,"delta[15,9,1,1]",15,9,1,1,1.0
delta,"delta[15,9,1,2]",15,9,1,2,1.0
delta,"delta[15,9,1,3]",15,9,1,3,1.0
delta,"delta[15,9,2,1]",15,9,2,1,1.0
delta,"delta[15,9,2,2]",15,9,2,2,1.0
delta,"delta[15,9,2,3]",15,9,2,3,1.0
delta,"delta[15,9,2,4]",15,9,2,4,1.0
delta,"delta[15,9,3,1]",15,9,3,1,0.0
delta,"delta[15,9,3,2]",15,9,3,2,0.0
delta,"delta[15,9,3,3]",15,9,3,3,0.0
delta,"delta[15,10,1,1]",15,10,1,1,1.0
delta,"delta[15,10,1,2]",15,10,1,2,1.0
delta,"delta[15,10,1,3]",15,10,1,3,1.0
delta,"delta[15,10,2,1]",15,10,2,1,0.0
delta,"delta[15,10,2,2]",15,10,2,2,0.0
delta,"delta[15,10,2,3]",15,10,2,3,0.0
delta,"delta[15,10,2,4]",15,10,2,4,1.0
delta,"delta[15,10,3,1]",15,10,3,1,0.0
delta,"delta[15,10,3,2]",15,10,3,2,0.0
delta,"delta[15,10,3,3]",15,10,3,3,0.0
delta,"delta[15,11,1,1]",15,11,1,1,1.0
delta,"delta[15,11,1,2]",15,11,1,2,1.0
delta,"delta[15,11,1,3]",15,11,1,3,1.0
delta,"delta[15,11,2,1]",15,11,2,1,1.0
delta,"delta[15,11,2,2]",15,11,2,2,1.0
delta,"delta[15,11,2,3]",15,11,2,3,1.0
delta,"delta[15,11,2,4]",15,11,2,4,1.0
delta,"delta[15,11,3,1]",15,11,3,1,0.0
delta,"delta[15,11,3,2]",15,11,3,2,0.0
delta,"delta[15,11,3,3]",15,11,3,3,0.0
delta,"delta[15,12,1,1]",15,12,1,1,1.0
delta,"delta[15,12,1,2]",15,12,1,2,1.0
delta,"delta[15,12,1,3]",15,12,1,3,0.0
delta,"delta[15,12,2,1]",15,12,2,1,1.0
delta,"delta[15,12,2,2]",15,12,2,2,1.0
delta,"delta[15,12,2,3]",15,12,2,3,1.0
delta,"delta[15,12,2,4]",15,12,2,4,1.0
delta,"delta[15,12,3,1]",15,12,3,1,0.0
delta,"delta[15,12,3,2]",15,12,3,2,0.0
delta,"delta[15,12,3,3]",15,12,3,3,0.0
delta,"delta[15,13,1,1]",15,13,1,1,1.0
delta,"delta[15,13,1,2]",15,13,1,2,1.0
delta,"delta[15,13,1,3]",15,13,1,3,1.0
delta,"delta[15,13,2,1]",15,13,2,1,1.0
delta,"delta[15,13,2,2]",15,13,2,2,1.0
delta,"delta[15,13,2,3]",15,13,2,3,1.0
delta,"delta[15,13,2,4]",15,13,2,4,1.0
delta,"delta[15,13,3,1]",15,13,3,1,0.0
delta,"delta[15,13,3,2]",15,13,3,2,0.0
delta,"delta[15,13,3,3]",15,13,3,3,0.0
delta,"delta[15,14,1,1]",15,14,1,1,1.0
delta,"delta[15,14,1,2]",15,14,1,2,1.0
delta,"delta[15,14,1,3]",15,14,1,3,1.0
delta,"delta[15,14,2,1]",15,14,2,1,1.0
delta,"delta[15,14,2,2]",15,14,2,2,1.0
delta,"delta[15,14,2,3]",15,14,2,3,1.0
delta,"delta[15,14,2,4]",15,14,2,4,1.0
delta,"delta[15,14,3,1]",15,14,3,1,0.0
delta,"delta[15,14,3,2]",15,14,3,2,0.0
delta,"delta[15,14,3,3]",15,14,3,3,0.0
t,t[1],1,,,,29.247412444761363
t,t[2],2,,,,38.92861244614279
t,t[3],3,,,,52.86589261219188
t,t[4],4,,,,0.0
t,t[5],5,,,,0.0
t,t[6],6,,,,40.536523506584274
t,t[7],7,,,,44.478543842682015
t,t[8],8,,,,0.0
t,t[9],9,,,,50.18948671020682
t,t[10],10,,,,0.0
t,t[11],11,,,,0.0
t,t[12],12,,,,65.76770190488162
t,t[13],13,,,,56.36900091694264
t,t[14],14,,,,40.51142138961433
t,t[15],15,,,,62.76906275673258
d,d[1],1,,,,0.0
d,d[2],2,,,,0.0
d,d[3],3,,,,0.0
d,d[4],4,,,,0.0
d,d[5],5,,,,0.0
d,d[6],6,,,,0.0
d,d[7],7,,,,-4.2473014686037236e-07
d,d[8],8,,,,0.0
d,d[9],9,,,,0.0
d,d[10],10,,,,0.0
d,d[11],11,,,,0.0
d,d[12],12,,,,0.6677019048816248
d,d[13],13,,,,0.6690009169426228
d,d[14],14,,,,0.0
d,d[15],15,,,,0.0
